,date,KQ.m@CFFEX.IC
0,2018-01-11,CFFEX.IC1801
1,2018-01-12,CFFEX.IC1801
2,2018-01-15,CFFEX.IC1801
3,2018-01-16,CFFEX.IC1801
4,2018-01-17,CFFEX.IC1801
5,2018-01-18,CFFEX.IC1801
6,2018-01-19,CFFEX.IC1801
7,2018-01-22,CFFEX.IC1802
8,2018-01-23,CFFEX.IC1802
9,2018-01-24,CFFEX.IC1802
10,2018-01-25,CFFEX.IC1802
11,2018-01-26,CFFEX.IC1802
12,2018-01-29,CFFEX.IC1802
13,2018-01-30,CFFEX.IC1802
14,2018-01-31,CFFEX.IC1802
15,2018-02-01,CFFEX.IC1802
16,2018-02-02,CFFEX.IC1802
17,2018-02-05,CFFEX.IC1802
18,2018-02-06,CFFEX.IC1802
19,2018-02-07,CFFEX.IC1802
20,2018-02-08,CFFEX.IC1802
21,2018-02-09,CFFEX.IC1802
22,2018-02-12,CFFEX.IC1802
23,2018-02-13,CFFEX.IC1802
24,2018-02-14,CFFEX.IC1802
25,2018-02-22,CFFEX.IC1803
26,2018-02-23,CFFEX.IC1803
27,2018-02-26,CFFEX.IC1803
28,2018-02-27,CFFEX.IC1803
29,2018-02-28,CFFEX.IC1803
30,2018-03-01,CFFEX.IC1803
31,2018-03-02,CFFEX.IC1803
32,2018-03-05,CFFEX.IC1803
33,2018-03-06,CFFEX.IC1803
34,2018-03-07,CFFEX.IC1803
35,2018-03-08,CFFEX.IC1803
36,2018-03-09,CFFEX.IC1803
37,2018-03-12,CFFEX.IC1803
38,2018-03-13,CFFEX.IC1803
39,2018-03-14,CFFEX.IC1803
40,2018-03-15,CFFEX.IC1803
41,2018-03-16,CFFEX.IC1803
42,2018-03-19,CFFEX.IC1804
43,2018-03-20,CFFEX.IC1804
44,2018-03-21,CFFEX.IC1804
45,2018-03-22,CFFEX.IC1804
46,2018-03-23,CFFEX.IC1804
47,2018-03-26,CFFEX.IC1804
48,2018-03-27,CFFEX.IC1804
49,2018-03-28,CFFEX.IC1804
50,2018-03-29,CFFEX.IC1804
51,2018-03-30,CFFEX.IC1804
52,2018-04-02,CFFEX.IC1804
53,2018-04-03,CFFEX.IC1804
54,2018-04-04,CFFEX.IC1804
55,2018-04-09,CFFEX.IC1804
56,2018-04-10,CFFEX.IC1804
57,2018-04-11,CFFEX.IC1804
58,2018-04-12,CFFEX.IC1804
59,2018-04-13,CFFEX.IC1804
60,2018-04-16,CFFEX.IC1804
61,2018-04-17,CFFEX.IC1804
62,2018-04-18,CFFEX.IC1804
63,2018-04-19,CFFEX.IC1804
64,2018-04-20,CFFEX.IC1804
65,2018-04-23,CFFEX.IC1805
66,2018-04-24,CFFEX.IC1805
67,2018-04-25,CFFEX.IC1805
68,2018-04-26,CFFEX.IC1805
69,2018-04-27,CFFEX.IC1805
70,2018-05-02,CFFEX.IC1805
71,2018-05-03,CFFEX.IC1805
72,2018-05-04,CFFEX.IC1805
73,2018-05-07,CFFEX.IC1805
74,2018-05-08,CFFEX.IC1805
75,2018-05-09,CFFEX.IC1805
76,2018-05-10,CFFEX.IC1805
77,2018-05-11,CFFEX.IC1805
78,2018-05-14,CFFEX.IC1805
79,2018-05-15,CFFEX.IC1805
80,2018-05-16,CFFEX.IC1805
81,2018-05-17,CFFEX.IC1805
82,2018-05-18,CFFEX.IC1806
83,2018-05-21,CFFEX.IC1806
84,2018-05-22,CFFEX.IC1806
85,2018-05-23,CFFEX.IC1806
86,2018-05-24,CFFEX.IC1806
87,2018-05-25,CFFEX.IC1806
88,2018-05-28,CFFEX.IC1806
89,2018-05-29,CFFEX.IC1806
90,2018-05-30,CFFEX.IC1806
91,2018-05-31,CFFEX.IC1806
92,2018-06-01,CFFEX.IC1806
93,2018-06-04,CFFEX.IC1806
94,2018-06-05,CFFEX.IC1806
95,2018-06-06,CFFEX.IC1806
96,2018-06-07,CFFEX.IC1806
97,2018-06-08,CFFEX.IC1806
98,2018-06-11,CFFEX.IC1806
99,2018-06-12,CFFEX.IC1806
100,2018-06-13,CFFEX.IC1806
101,2018-06-14,CFFEX.IC1806
102,2018-06-15,CFFEX.IC1806
103,2018-06-19,CFFEX.IC1807
104,2018-06-20,CFFEX.IC1807
105,2018-06-21,CFFEX.IC1807
106,2018-06-22,CFFEX.IC1807
107,2018-06-25,CFFEX.IC1807
108,2018-06-26,CFFEX.IC1807
109,2018-06-27,CFFEX.IC1807
110,2018-06-28,CFFEX.IC1807
111,2018-06-29,CFFEX.IC1807
112,2018-07-02,CFFEX.IC1807
113,2018-07-03,CFFEX.IC1807
114,2018-07-04,CFFEX.IC1807
115,2018-07-05,CFFEX.IC1807
116,2018-07-06,CFFEX.IC1807
117,2018-07-09,CFFEX.IC1807
118,2018-07-10,CFFEX.IC1807
119,2018-07-11,CFFEX.IC1807
120,2018-07-12,CFFEX.IC1807
121,2018-07-13,CFFEX.IC1807
122,2018-07-16,CFFEX.IC1807
123,2018-07-17,CFFEX.IC1807
124,2018-07-18,CFFEX.IC1807
125,2018-07-19,CFFEX.IC1807
126,2018-07-20,CFFEX.IC1808
127,2018-07-23,CFFEX.IC1808
128,2018-07-24,CFFEX.IC1808
129,2018-07-25,CFFEX.IC1808
130,2018-07-26,CFFEX.IC1808
131,2018-07-27,CFFEX.IC1808
132,2018-07-30,CFFEX.IC1808
133,2018-07-31,CFFEX.IC1808
134,2018-08-01,CFFEX.IC1808
135,2018-08-02,CFFEX.IC1808
136,2018-08-03,CFFEX.IC1808
137,2018-08-06,CFFEX.IC1808
138,2018-08-07,CFFEX.IC1808
139,2018-08-08,CFFEX.IC1808
140,2018-08-09,CFFEX.IC1808
141,2018-08-10,CFFEX.IC1808
142,2018-08-13,CFFEX.IC1808
143,2018-08-14,CFFEX.IC1808
144,2018-08-15,CFFEX.IC1808
145,2018-08-16,CFFEX.IC1808
146,2018-08-17,CFFEX.IC1809
147,2018-08-20,CFFEX.IC1809
148,2018-08-21,CFFEX.IC1809
149,2018-08-22,CFFEX.IC1809
150,2018-08-23,CFFEX.IC1809
151,2018-08-24,CFFEX.IC1809
152,2018-08-27,CFFEX.IC1809
153,2018-08-28,CFFEX.IC1809
154,2018-08-29,CFFEX.IC1809
155,2018-08-30,CFFEX.IC1809
156,2018-08-31,CFFEX.IC1809
157,2018-09-03,CFFEX.IC1809
158,2018-09-04,CFFEX.IC1809
159,2018-09-05,CFFEX.IC1809
160,2018-09-06,CFFEX.IC1809
161,2018-09-07,CFFEX.IC1809
162,2018-09-10,CFFEX.IC1809
163,2018-09-11,CFFEX.IC1809
164,2018-09-12,CFFEX.IC1809
165,2018-09-13,CFFEX.IC1809
166,2018-09-14,CFFEX.IC1809
167,2018-09-17,CFFEX.IC1809
168,2018-09-18,CFFEX.IC1809
169,2018-09-19,CFFEX.IC1809
170,2018-09-20,CFFEX.IC1809
171,2018-09-21,CFFEX.IC1810
172,2018-09-25,CFFEX.IC1810
173,2018-09-26,CFFEX.IC1810
174,2018-09-27,CFFEX.IC1810
175,2018-09-28,CFFEX.IC1810
176,2018-10-08,CFFEX.IC1810
177,2018-10-09,CFFEX.IC1810
178,2018-10-10,CFFEX.IC1810
179,2018-10-11,CFFEX.IC1810
180,2018-10-12,CFFEX.IC1810
181,2018-10-15,CFFEX.IC1810
182,2018-10-16,CFFEX.IC1810
183,2018-10-17,CFFEX.IC1810
184,2018-10-18,CFFEX.IC1810
185,2018-10-19,CFFEX.IC1811
186,2018-10-22,CFFEX.IC1811
187,2018-10-23,CFFEX.IC1811
188,2018-10-24,CFFEX.IC1811
189,2018-10-25,CFFEX.IC1811
190,2018-10-26,CFFEX.IC1811
191,2018-10-29,CFFEX.IC1811
192,2018-10-30,CFFEX.IC1811
193,2018-10-31,CFFEX.IC1811
194,2018-11-01,CFFEX.IC1811
195,2018-11-02,CFFEX.IC1811
196,2018-11-05,CFFEX.IC1811
197,2018-11-06,CFFEX.IC1811
198,2018-11-07,CFFEX.IC1811
199,2018-11-08,CFFEX.IC1811
200,2018-11-09,CFFEX.IC1811
201,2018-11-12,CFFEX.IC1811
202,2018-11-13,CFFEX.IC1811
203,2018-11-14,CFFEX.IC1811
204,2018-11-15,CFFEX.IC1811
205,2018-11-16,CFFEX.IC1812
206,2018-11-19,CFFEX.IC1812
207,2018-11-20,CFFEX.IC1812
208,2018-11-21,CFFEX.IC1812
209,2018-11-22,CFFEX.IC1812
210,2018-11-23,CFFEX.IC1812
211,2018-11-26,CFFEX.IC1812
212,2018-11-27,CFFEX.IC1812
213,2018-11-28,CFFEX.IC1812
214,2018-11-29,CFFEX.IC1812
215,2018-11-30,CFFEX.IC1812
216,2018-12-03,CFFEX.IC1812
217,2018-12-04,CFFEX.IC1812
218,2018-12-05,CFFEX.IC1812
219,2018-12-06,CFFEX.IC1812
220,2018-12-07,CFFEX.IC1812
221,2018-12-10,CFFEX.IC1812
222,2018-12-11,CFFEX.IC1812
223,2018-12-12,CFFEX.IC1812
224,2018-12-13,CFFEX.IC1812
225,2018-12-14,CFFEX.IC1812
226,2018-12-17,CFFEX.IC1812
227,2018-12-18,CFFEX.IC1812
228,2018-12-19,CFFEX.IC1812
229,2018-12-20,CFFEX.IC1812
230,2018-12-21,CFFEX.IC1901
231,2018-12-24,CFFEX.IC1901
232,2018-12-25,CFFEX.IC1901
233,2018-12-26,CFFEX.IC1901
234,2018-12-27,CFFEX.IC1901
235,2018-12-28,CFFEX.IC1901
236,2019-01-02,CFFEX.IC1901
237,2019-01-03,CFFEX.IC1901
238,2019-01-04,CFFEX.IC1901
239,2019-01-07,CFFEX.IC1901
240,2019-01-08,CFFEX.IC1901
241,2019-01-09,CFFEX.IC1901
242,2019-01-10,CFFEX.IC1901
243,2019-01-11,CFFEX.IC1901
244,2019-01-14,CFFEX.IC1901
245,2019-01-15,CFFEX.IC1901
246,2019-01-16,CFFEX.IC1901
247,2019-01-17,CFFEX.IC1901
248,2019-01-18,CFFEX.IC1902
249,2019-01-21,CFFEX.IC1902
250,2019-01-22,CFFEX.IC1902
251,2019-01-23,CFFEX.IC1902
252,2019-01-24,CFFEX.IC1902
253,2019-01-25,CFFEX.IC1902
254,2019-01-28,CFFEX.IC1902
255,2019-01-29,CFFEX.IC1902
256,2019-01-30,CFFEX.IC1902
257,2019-01-31,CFFEX.IC1902
258,2019-02-01,CFFEX.IC1902
259,2019-02-11,CFFEX.IC1902
260,2019-02-12,CFFEX.IC1902
261,2019-02-13,CFFEX.IC1902
262,2019-02-14,CFFEX.IC1902
263,2019-02-15,CFFEX.IC1903
264,2019-02-18,CFFEX.IC1903
265,2019-02-19,CFFEX.IC1903
266,2019-02-20,CFFEX.IC1903
267,2019-02-21,CFFEX.IC1903
268,2019-02-22,CFFEX.IC1903
269,2019-02-25,CFFEX.IC1903
270,2019-02-26,CFFEX.IC1903
271,2019-02-27,CFFEX.IC1903
272,2019-02-28,CFFEX.IC1903
273,2019-03-01,CFFEX.IC1903
274,2019-03-04,CFFEX.IC1903
275,2019-03-05,CFFEX.IC1903
276,2019-03-06,CFFEX.IC1903
277,2019-03-07,CFFEX.IC1903
278,2019-03-08,CFFEX.IC1903
279,2019-03-11,CFFEX.IC1903
280,2019-03-12,CFFEX.IC1903
281,2019-03-13,CFFEX.IC1903
282,2019-03-14,CFFEX.IC1903
283,2019-03-15,CFFEX.IC1904
284,2019-03-18,CFFEX.IC1904
285,2019-03-19,CFFEX.IC1904
286,2019-03-20,CFFEX.IC1904
287,2019-03-21,CFFEX.IC1904
288,2019-03-22,CFFEX.IC1904
289,2019-03-25,CFFEX.IC1904
290,2019-03-26,CFFEX.IC1904
291,2019-03-27,CFFEX.IC1904
292,2019-03-28,CFFEX.IC1904
293,2019-03-29,CFFEX.IC1904
294,2019-04-01,CFFEX.IC1904
295,2019-04-02,CFFEX.IC1904
296,2019-04-03,CFFEX.IC1904
297,2019-04-04,CFFEX.IC1904
298,2019-04-08,CFFEX.IC1904
299,2019-04-09,CFFEX.IC1904
300,2019-04-10,CFFEX.IC1904
301,2019-04-11,CFFEX.IC1904
302,2019-04-12,CFFEX.IC1904
303,2019-04-15,CFFEX.IC1904
304,2019-04-16,CFFEX.IC1904
305,2019-04-17,CFFEX.IC1904
306,2019-04-18,CFFEX.IC1904
307,2019-04-19,CFFEX.IC1905
308,2019-04-22,CFFEX.IC1905
309,2019-04-23,CFFEX.IC1905
310,2019-04-24,CFFEX.IC1905
311,2019-04-25,CFFEX.IC1905
312,2019-04-26,CFFEX.IC1905
313,2019-04-29,CFFEX.IC1905
314,2019-04-30,CFFEX.IC1905
315,2019-05-06,CFFEX.IC1905
316,2019-05-07,CFFEX.IC1905
317,2019-05-08,CFFEX.IC1905
318,2019-05-09,CFFEX.IC1905
319,2019-05-10,CFFEX.IC1905
320,2019-05-13,CFFEX.IC1905
321,2019-05-14,CFFEX.IC1905
322,2019-05-15,CFFEX.IC1905
323,2019-05-16,CFFEX.IC1906
324,2019-05-17,CFFEX.IC1906
325,2019-05-20,CFFEX.IC1906
326,2019-05-21,CFFEX.IC1906
327,2019-05-22,CFFEX.IC1906
328,2019-05-23,CFFEX.IC1906
329,2019-05-24,CFFEX.IC1906
330,2019-05-27,CFFEX.IC1906
331,2019-05-28,CFFEX.IC1906
332,2019-05-29,CFFEX.IC1906
333,2019-05-30,CFFEX.IC1906
334,2019-05-31,CFFEX.IC1906
335,2019-06-03,CFFEX.IC1906
336,2019-06-04,CFFEX.IC1906
337,2019-06-05,CFFEX.IC1906
338,2019-06-06,CFFEX.IC1906
339,2019-06-10,CFFEX.IC1906
340,2019-06-11,CFFEX.IC1906
341,2019-06-12,CFFEX.IC1906
342,2019-06-13,CFFEX.IC1906
343,2019-06-14,CFFEX.IC1906
344,2019-06-17,CFFEX.IC1906
345,2019-06-18,CFFEX.IC1906
346,2019-06-19,CFFEX.IC1906
347,2019-06-20,CFFEX.IC1907
348,2019-06-21,CFFEX.IC1907
349,2019-06-24,CFFEX.IC1907
350,2019-06-25,CFFEX.IC1907
351,2019-06-26,CFFEX.IC1907
352,2019-06-27,CFFEX.IC1907
353,2019-06-28,CFFEX.IC1907
354,2019-07-01,CFFEX.IC1907
355,2019-07-02,CFFEX.IC1907
356,2019-07-03,CFFEX.IC1907
357,2019-07-04,CFFEX.IC1907
358,2019-07-05,CFFEX.IC1907
359,2019-07-08,CFFEX.IC1907
360,2019-07-09,CFFEX.IC1907
361,2019-07-10,CFFEX.IC1907
362,2019-07-11,CFFEX.IC1907
363,2019-07-12,CFFEX.IC1907
364,2019-07-15,CFFEX.IC1907
365,2019-07-16,CFFEX.IC1907
366,2019-07-17,CFFEX.IC1907
367,2019-07-18,CFFEX.IC1907
368,2019-07-19,CFFEX.IC1908
369,2019-07-22,CFFEX.IC1908
370,2019-07-23,CFFEX.IC1908
371,2019-07-24,CFFEX.IC1908
372,2019-07-25,CFFEX.IC1908
373,2019-07-26,CFFEX.IC1908
374,2019-07-29,CFFEX.IC1908
375,2019-07-30,CFFEX.IC1908
376,2019-07-31,CFFEX.IC1908
377,2019-08-01,CFFEX.IC1908
378,2019-08-02,CFFEX.IC1908
379,2019-08-05,CFFEX.IC1908
380,2019-08-06,CFFEX.IC1908
381,2019-08-07,CFFEX.IC1908
382,2019-08-08,CFFEX.IC1908
383,2019-08-09,CFFEX.IC1908
384,2019-08-12,CFFEX.IC1908
385,2019-08-13,CFFEX.IC1908
386,2019-08-14,CFFEX.IC1908
387,2019-08-15,CFFEX.IC1909
388,2019-08-16,CFFEX.IC1909
389,2019-08-19,CFFEX.IC1909
390,2019-08-20,CFFEX.IC1909
391,2019-08-21,CFFEX.IC1909
392,2019-08-22,CFFEX.IC1909
393,2019-08-23,CFFEX.IC1909
394,2019-08-26,CFFEX.IC1909
395,2019-08-27,CFFEX.IC1909
396,2019-08-28,CFFEX.IC1909
397,2019-08-29,CFFEX.IC1909
398,2019-08-30,CFFEX.IC1909
399,2019-09-02,CFFEX.IC1909
400,2019-09-03,CFFEX.IC1909
401,2019-09-04,CFFEX.IC1909
402,2019-09-05,CFFEX.IC1909
403,2019-09-06,CFFEX.IC1909
404,2019-09-09,CFFEX.IC1909
405,2019-09-10,CFFEX.IC1909
406,2019-09-11,CFFEX.IC1909
407,2019-09-12,CFFEX.IC1909
408,2019-09-16,CFFEX.IC1909
409,2019-09-17,CFFEX.IC1909
410,2019-09-18,CFFEX.IC1909
411,2019-09-19,CFFEX.IC1910
412,2019-09-20,CFFEX.IC1910
413,2019-09-23,CFFEX.IC1910
414,2019-09-24,CFFEX.IC1910
415,2019-09-25,CFFEX.IC1910
416,2019-09-26,CFFEX.IC1910
417,2019-09-27,CFFEX.IC1910
418,2019-09-30,CFFEX.IC1910
419,2019-10-08,CFFEX.IC1910
420,2019-10-09,CFFEX.IC1910
421,2019-10-10,CFFEX.IC1910
422,2019-10-11,CFFEX.IC1910
423,2019-10-14,CFFEX.IC1910
424,2019-10-15,CFFEX.IC1910
425,2019-10-16,CFFEX.IC1910
426,2019-10-17,CFFEX.IC1910
427,2019-10-18,CFFEX.IC1911
428,2019-10-21,CFFEX.IC1911
429,2019-10-22,CFFEX.IC1911
430,2019-10-23,CFFEX.IC1911
431,2019-10-24,CFFEX.IC1911
432,2019-10-25,CFFEX.IC1911
433,2019-10-28,CFFEX.IC1911
434,2019-10-29,CFFEX.IC1911
435,2019-10-30,CFFEX.IC1911
436,2019-10-31,CFFEX.IC1911
437,2019-11-01,CFFEX.IC1911
438,2019-11-04,CFFEX.IC1911
439,2019-11-05,CFFEX.IC1911
440,2019-11-06,CFFEX.IC1911
441,2019-11-07,CFFEX.IC1911
442,2019-11-08,CFFEX.IC1911
443,2019-11-11,CFFEX.IC1911
444,2019-11-12,CFFEX.IC1911
445,2019-11-13,CFFEX.IC1911
446,2019-11-14,CFFEX.IC1912
447,2019-11-15,CFFEX.IC1912
448,2019-11-18,CFFEX.IC1912
449,2019-11-19,CFFEX.IC1912
450,2019-11-20,CFFEX.IC1912
451,2019-11-21,CFFEX.IC1912
452,2019-11-22,CFFEX.IC1912
453,2019-11-25,CFFEX.IC1912
454,2019-11-26,CFFEX.IC1912
455,2019-11-27,CFFEX.IC1912
456,2019-11-28,CFFEX.IC1912
457,2019-11-29,CFFEX.IC1912
458,2019-12-02,CFFEX.IC1912
459,2019-12-03,CFFEX.IC1912
460,2019-12-04,CFFEX.IC1912
461,2019-12-05,CFFEX.IC1912
462,2019-12-06,CFFEX.IC1912
463,2019-12-09,CFFEX.IC1912
464,2019-12-10,CFFEX.IC1912
465,2019-12-11,CFFEX.IC1912
466,2019-12-12,CFFEX.IC1912
467,2019-12-13,CFFEX.IC1912
468,2019-12-16,CFFEX.IC1912
469,2019-12-17,CFFEX.IC1912
470,2019-12-18,CFFEX.IC1912
471,2019-12-19,CFFEX.IC2001
472,2019-12-20,CFFEX.IC2001
473,2019-12-23,CFFEX.IC2001
474,2019-12-24,CFFEX.IC2001
475,2019-12-25,CFFEX.IC2001
476,2019-12-26,CFFEX.IC2001
477,2019-12-27,CFFEX.IC2001
478,2019-12-30,CFFEX.IC2001
479,2019-12-31,CFFEX.IC2001
480,2020-01-02,CFFEX.IC2001
481,2020-01-03,CFFEX.IC2001
482,2020-01-06,CFFEX.IC2001
483,2020-01-07,CFFEX.IC2001
484,2020-01-08,CFFEX.IC2001
485,2020-01-09,CFFEX.IC2001
486,2020-01-10,CFFEX.IC2001
487,2020-01-13,CFFEX.IC2001
488,2020-01-14,CFFEX.IC2001
489,2020-01-15,CFFEX.IC2001
490,2020-01-16,CFFEX.IC2001
491,2020-01-17,CFFEX.IC2002
492,2020-01-20,CFFEX.IC2002
493,2020-01-21,CFFEX.IC2002
494,2020-01-22,CFFEX.IC2002
495,2020-01-23,CFFEX.IC2002
496,2020-02-03,CFFEX.IC2002
497,2020-02-04,CFFEX.IC2002
498,2020-02-05,CFFEX.IC2002
499,2020-02-06,CFFEX.IC2002
500,2020-02-07,CFFEX.IC2002
501,2020-02-10,CFFEX.IC2002
502,2020-02-11,CFFEX.IC2002
503,2020-02-12,CFFEX.IC2002
504,2020-02-13,CFFEX.IC2002
505,2020-02-14,CFFEX.IC2002
506,2020-02-17,CFFEX.IC2002
507,2020-02-18,CFFEX.IC2002
508,2020-02-19,CFFEX.IC2003
509,2020-02-20,CFFEX.IC2003
510,2020-02-21,CFFEX.IC2003
511,2020-02-24,CFFEX.IC2003
512,2020-02-25,CFFEX.IC2003
513,2020-02-26,CFFEX.IC2003
514,2020-02-27,CFFEX.IC2003
515,2020-02-28,CFFEX.IC2003
516,2020-03-02,CFFEX.IC2003
517,2020-03-03,CFFEX.IC2003
518,2020-03-04,CFFEX.IC2003
519,2020-03-05,CFFEX.IC2003
520,2020-03-06,CFFEX.IC2003
521,2020-03-09,CFFEX.IC2003
522,2020-03-10,CFFEX.IC2003
523,2020-03-11,CFFEX.IC2003
524,2020-03-12,CFFEX.IC2003
525,2020-03-13,CFFEX.IC2003
526,2020-03-16,CFFEX.IC2003
527,2020-03-17,CFFEX.IC2003
528,2020-03-18,CFFEX.IC2003
529,2020-03-19,CFFEX.IC2004
530,2020-03-20,CFFEX.IC2004
531,2020-03-23,CFFEX.IC2004
532,2020-03-24,CFFEX.IC2004
533,2020-03-25,CFFEX.IC2004
534,2020-03-26,CFFEX.IC2004
535,2020-03-27,CFFEX.IC2004
536,2020-03-30,CFFEX.IC2004
537,2020-03-31,CFFEX.IC2004
538,2020-04-01,CFFEX.IC2004
539,2020-04-02,CFFEX.IC2004
540,2020-04-03,CFFEX.IC2004
541,2020-04-07,CFFEX.IC2004
542,2020-04-08,CFFEX.IC2004
543,2020-04-09,CFFEX.IC2004
544,2020-04-10,CFFEX.IC2004
545,2020-04-13,CFFEX.IC2004
546,2020-04-14,CFFEX.IC2004
547,2020-04-15,CFFEX.IC2004
548,2020-04-16,CFFEX.IC2004
549,2020-04-17,CFFEX.IC2005
550,2020-04-20,CFFEX.IC2005
551,2020-04-21,CFFEX.IC2005
552,2020-04-22,CFFEX.IC2005
553,2020-04-23,CFFEX.IC2005
554,2020-04-24,CFFEX.IC2005
555,2020-04-27,CFFEX.IC2005
556,2020-04-28,CFFEX.IC2005
557,2020-04-29,CFFEX.IC2005
558,2020-04-30,CFFEX.IC2005
559,2020-05-06,CFFEX.IC2005
560,2020-05-07,CFFEX.IC2005
561,2020-05-08,CFFEX.IC2005
562,2020-05-11,CFFEX.IC2005
563,2020-05-12,CFFEX.IC2005
564,2020-05-13,CFFEX.IC2005
565,2020-05-14,CFFEX.IC2006
566,2020-05-15,CFFEX.IC2006
567,2020-05-18,CFFEX.IC2006
568,2020-05-19,CFFEX.IC2006
569,2020-05-20,CFFEX.IC2006
570,2020-05-21,CFFEX.IC2006
571,2020-05-22,CFFEX.IC2006
572,2020-05-25,CFFEX.IC2006
573,2020-05-26,CFFEX.IC2006
574,2020-05-27,CFFEX.IC2006
575,2020-05-28,CFFEX.IC2006
576,2020-05-29,CFFEX.IC2006
577,2020-06-01,CFFEX.IC2006
578,2020-06-02,CFFEX.IC2006
579,2020-06-03,CFFEX.IC2006
580,2020-06-04,CFFEX.IC2006
581,2020-06-05,CFFEX.IC2006
582,2020-06-08,CFFEX.IC2006
583,2020-06-09,CFFEX.IC2006
584,2020-06-10,CFFEX.IC2006
585,2020-06-11,CFFEX.IC2006
586,2020-06-12,CFFEX.IC2006
587,2020-06-15,CFFEX.IC2006
588,2020-06-16,CFFEX.IC2006
589,2020-06-17,CFFEX.IC2006
590,2020-06-18,CFFEX.IC2007
591,2020-06-19,CFFEX.IC2007
592,2020-06-22,CFFEX.IC2007
593,2020-06-23,CFFEX.IC2007
594,2020-06-24,CFFEX.IC2007
595,2020-06-29,CFFEX.IC2007
596,2020-06-30,CFFEX.IC2007
597,2020-07-01,CFFEX.IC2007
598,2020-07-02,CFFEX.IC2007
599,2020-07-03,CFFEX.IC2007
600,2020-07-06,CFFEX.IC2007
601,2020-07-07,CFFEX.IC2007
602,2020-07-08,CFFEX.IC2007
603,2020-07-09,CFFEX.IC2007
604,2020-07-10,CFFEX.IC2007
605,2020-07-13,CFFEX.IC2007
606,2020-07-14,CFFEX.IC2007
607,2020-07-15,CFFEX.IC2007
608,2020-07-16,CFFEX.IC2008
609,2020-07-17,CFFEX.IC2008
610,2020-07-20,CFFEX.IC2008
611,2020-07-21,CFFEX.IC2008
612,2020-07-22,CFFEX.IC2008
613,2020-07-23,CFFEX.IC2008
614,2020-07-24,CFFEX.IC2008
615,2020-07-27,CFFEX.IC2008
616,2020-07-28,CFFEX.IC2008
617,2020-07-29,CFFEX.IC2008
618,2020-07-30,CFFEX.IC2008
619,2020-07-31,CFFEX.IC2008
620,2020-08-03,CFFEX.IC2008
621,2020-08-04,CFFEX.IC2008
622,2020-08-05,CFFEX.IC2008
623,2020-08-06,CFFEX.IC2008
624,2020-08-07,CFFEX.IC2008
625,2020-08-10,CFFEX.IC2008
626,2020-08-11,CFFEX.IC2008
627,2020-08-12,CFFEX.IC2008
628,2020-08-13,CFFEX.IC2008
629,2020-08-14,CFFEX.IC2008
630,2020-08-17,CFFEX.IC2008
631,2020-08-18,CFFEX.IC2008
632,2020-08-19,CFFEX.IC2008
633,2020-08-20,CFFEX.IC2009
634,2020-08-21,CFFEX.IC2009
635,2020-08-24,CFFEX.IC2009
636,2020-08-25,CFFEX.IC2009
637,2020-08-26,CFFEX.IC2009
638,2020-08-27,CFFEX.IC2009
639,2020-08-28,CFFEX.IC2009
640,2020-08-31,CFFEX.IC2009
641,2020-09-01,CFFEX.IC2009
642,2020-09-02,CFFEX.IC2009
643,2020-09-03,CFFEX.IC2009
644,2020-09-04,CFFEX.IC2009
645,2020-09-07,CFFEX.IC2009
646,2020-09-08,CFFEX.IC2009
647,2020-09-09,CFFEX.IC2009
648,2020-09-10,CFFEX.IC2009
649,2020-09-11,CFFEX.IC2009
650,2020-09-14,CFFEX.IC2009
651,2020-09-15,CFFEX.IC2009
652,2020-09-16,CFFEX.IC2009
653,2020-09-17,CFFEX.IC2010
654,2020-09-18,CFFEX.IC2010
655,2020-09-21,CFFEX.IC2010
656,2020-09-22,CFFEX.IC2010
657,2020-09-23,CFFEX.IC2010
658,2020-09-24,CFFEX.IC2010
659,2020-09-25,CFFEX.IC2010
660,2020-09-28,CFFEX.IC2010
661,2020-09-29,CFFEX.IC2010
662,2020-09-30,CFFEX.IC2010
663,2020-10-09,CFFEX.IC2010
664,2020-10-12,CFFEX.IC2010
665,2020-10-13,CFFEX.IC2010
666,2020-10-14,CFFEX.IC2010
667,2020-10-15,CFFEX.IC2010
668,2020-10-16,CFFEX.IC2011
669,2020-10-19,CFFEX.IC2011
670,2020-10-20,CFFEX.IC2011
671,2020-10-21,CFFEX.IC2011
672,2020-10-22,CFFEX.IC2011
673,2020-10-23,CFFEX.IC2011
674,2020-10-26,CFFEX.IC2011
675,2020-10-27,CFFEX.IC2011
676,2020-10-28,CFFEX.IC2011
677,2020-10-29,CFFEX.IC2011
678,2020-10-30,CFFEX.IC2011
679,2020-11-02,CFFEX.IC2011
680,2020-11-03,CFFEX.IC2011
681,2020-11-04,CFFEX.IC2011
682,2020-11-05,CFFEX.IC2011
683,2020-11-06,CFFEX.IC2011
684,2020-11-09,CFFEX.IC2011
685,2020-11-10,CFFEX.IC2011
686,2020-11-11,CFFEX.IC2011
687,2020-11-12,CFFEX.IC2011
688,2020-11-13,CFFEX.IC2011
689,2020-11-16,CFFEX.IC2011
690,2020-11-17,CFFEX.IC2011
691,2020-11-18,CFFEX.IC2011
692,2020-11-19,CFFEX.IC2012
693,2020-11-20,CFFEX.IC2012
694,2020-11-23,CFFEX.IC2012
695,2020-11-24,CFFEX.IC2012
696,2020-11-25,CFFEX.IC2012
697,2020-11-26,CFFEX.IC2012
698,2020-11-27,CFFEX.IC2012
699,2020-11-30,CFFEX.IC2012
700,2020-12-01,CFFEX.IC2012
701,2020-12-02,CFFEX.IC2012
702,2020-12-03,CFFEX.IC2012
703,2020-12-04,CFFEX.IC2012
704,2020-12-07,CFFEX.IC2012
705,2020-12-08,CFFEX.IC2012
706,2020-12-09,CFFEX.IC2012
707,2020-12-10,CFFEX.IC2012
708,2020-12-11,CFFEX.IC2012
709,2020-12-14,CFFEX.IC2012
710,2020-12-15,CFFEX.IC2012
711,2020-12-16,CFFEX.IC2012
712,2020-12-17,CFFEX.IC2012
713,2020-12-18,CFFEX.IC2101
714,2020-12-21,CFFEX.IC2101
715,2020-12-22,CFFEX.IC2101
716,2020-12-23,CFFEX.IC2101
717,2020-12-24,CFFEX.IC2101
718,2020-12-25,CFFEX.IC2101
719,2020-12-28,CFFEX.IC2101
720,2020-12-29,CFFEX.IC2101
721,2020-12-30,CFFEX.IC2101
722,2020-12-31,CFFEX.IC2101
723,2021-01-04,CFFEX.IC2101
724,2021-01-05,CFFEX.IC2101
725,2021-01-06,CFFEX.IC2101
726,2021-01-07,CFFEX.IC2101
727,2021-01-08,CFFEX.IC2101
728,2021-01-11,CFFEX.IC2101
729,2021-01-12,CFFEX.IC2101
730,2021-01-13,CFFEX.IC2101
731,2021-01-14,CFFEX.IC2101
732,2021-01-15,CFFEX.IC2102
733,2021-01-18,CFFEX.IC2102
734,2021-01-19,CFFEX.IC2102
735,2021-01-20,CFFEX.IC2102
736,2021-01-21,CFFEX.IC2102
737,2021-01-22,CFFEX.IC2102
738,2021-01-25,CFFEX.IC2102
739,2021-01-26,CFFEX.IC2102
740,2021-01-27,CFFEX.IC2102
741,2021-01-28,CFFEX.IC2102
742,2021-01-29,CFFEX.IC2102
743,2021-02-01,CFFEX.IC2102
744,2021-02-02,CFFEX.IC2102
745,2021-02-03,CFFEX.IC2102
746,2021-02-04,CFFEX.IC2102
747,2021-02-05,CFFEX.IC2102
748,2021-02-08,CFFEX.IC2102
749,2021-02-09,CFFEX.IC2102
750,2021-02-10,CFFEX.IC2102
751,2021-02-18,CFFEX.IC2102
752,2021-02-19,CFFEX.IC2103
753,2021-02-22,CFFEX.IC2103
754,2021-02-23,CFFEX.IC2103
755,2021-02-24,CFFEX.IC2103
756,2021-02-25,CFFEX.IC2103
757,2021-02-26,CFFEX.IC2103
758,2021-03-01,CFFEX.IC2103
759,2021-03-02,CFFEX.IC2103
760,2021-03-03,CFFEX.IC2103
761,2021-03-04,CFFEX.IC2103
762,2021-03-05,CFFEX.IC2103
763,2021-03-08,CFFEX.IC2103
764,2021-03-09,CFFEX.IC2103
765,2021-03-10,CFFEX.IC2103
766,2021-03-11,CFFEX.IC2103
767,2021-03-12,CFFEX.IC2103
768,2021-03-15,CFFEX.IC2103
769,2021-03-16,CFFEX.IC2103
770,2021-03-17,CFFEX.IC2103
771,2021-03-18,CFFEX.IC2103
772,2021-03-19,CFFEX.IC2104
773,2021-03-22,CFFEX.IC2104
774,2021-03-23,CFFEX.IC2104
775,2021-03-24,CFFEX.IC2104
776,2021-03-25,CFFEX.IC2104
777,2021-03-26,CFFEX.IC2104
778,2021-03-29,CFFEX.IC2104
779,2021-03-30,CFFEX.IC2104
780,2021-03-31,CFFEX.IC2104
781,2021-04-01,CFFEX.IC2104
782,2021-04-02,CFFEX.IC2104
783,2021-04-06,CFFEX.IC2104
784,2021-04-07,CFFEX.IC2104
785,2021-04-08,CFFEX.IC2104
786,2021-04-09,CFFEX.IC2104
787,2021-04-12,CFFEX.IC2104
788,2021-04-13,CFFEX.IC2104
789,2021-04-14,CFFEX.IC2104
790,2021-04-15,CFFEX.IC2105
791,2021-04-16,CFFEX.IC2105
792,2021-04-19,CFFEX.IC2105
793,2021-04-20,CFFEX.IC2105
794,2021-04-21,CFFEX.IC2105
795,2021-04-22,CFFEX.IC2105
796,2021-04-23,CFFEX.IC2105
797,2021-04-26,CFFEX.IC2105
798,2021-04-27,CFFEX.IC2105
799,2021-04-28,CFFEX.IC2105
800,2021-04-29,CFFEX.IC2105
801,2021-04-30,CFFEX.IC2105
802,2021-05-06,CFFEX.IC2105
803,2021-05-07,CFFEX.IC2105
804,2021-05-10,CFFEX.IC2105
805,2021-05-11,CFFEX.IC2105
806,2021-05-12,CFFEX.IC2105
807,2021-05-13,CFFEX.IC2105
808,2021-05-14,CFFEX.IC2105
809,2021-05-17,CFFEX.IC2105
810,2021-05-18,CFFEX.IC2105
811,2021-05-19,CFFEX.IC2105
812,2021-05-20,CFFEX.IC2106
813,2021-05-21,CFFEX.IC2106
814,2021-05-24,CFFEX.IC2106
815,2021-05-25,CFFEX.IC2106
816,2021-05-26,CFFEX.IC2106
817,2021-05-27,CFFEX.IC2106
818,2021-05-28,CFFEX.IC2106
819,2021-05-31,CFFEX.IC2106
820,2021-06-01,CFFEX.IC2106
821,2021-06-02,CFFEX.IC2106
822,2021-06-03,CFFEX.IC2106
823,2021-06-04,CFFEX.IC2106
824,2021-06-07,CFFEX.IC2106
825,2021-06-08,CFFEX.IC2106
826,2021-06-09,CFFEX.IC2106
827,2021-06-10,CFFEX.IC2106
828,2021-06-11,CFFEX.IC2106
829,2021-06-15,CFFEX.IC2106
830,2021-06-16,CFFEX.IC2106
831,2021-06-17,CFFEX.IC2107
832,2021-06-18,CFFEX.IC2107
833,2021-06-21,CFFEX.IC2107
834,2021-06-22,CFFEX.IC2107
835,2021-06-23,CFFEX.IC2107
836,2021-06-24,CFFEX.IC2107
837,2021-06-25,CFFEX.IC2107
838,2021-06-28,CFFEX.IC2107
839,2021-06-29,CFFEX.IC2107
840,2021-06-30,CFFEX.IC2107
841,2021-07-01,CFFEX.IC2107
842,2021-07-02,CFFEX.IC2107
843,2021-07-05,CFFEX.IC2107
844,2021-07-06,CFFEX.IC2107
845,2021-07-07,CFFEX.IC2107
846,2021-07-08,CFFEX.IC2107
847,2021-07-09,CFFEX.IC2107
848,2021-07-12,CFFEX.IC2107
849,2021-07-13,CFFEX.IC2107
850,2021-07-14,CFFEX.IC2107
851,2021-07-15,CFFEX.IC2108
852,2021-07-16,CFFEX.IC2108
853,2021-07-19,CFFEX.IC2108
854,2021-07-20,CFFEX.IC2108
855,2021-07-21,CFFEX.IC2108
856,2021-07-22,CFFEX.IC2108
857,2021-07-23,CFFEX.IC2108
858,2021-07-26,CFFEX.IC2108
859,2021-07-27,CFFEX.IC2108
860,2021-07-28,CFFEX.IC2108
861,2021-07-29,CFFEX.IC2108
862,2021-07-30,CFFEX.IC2108
863,2021-08-02,CFFEX.IC2108
864,2021-08-03,CFFEX.IC2108
865,2021-08-04,CFFEX.IC2108
866,2021-08-05,CFFEX.IC2108
867,2021-08-06,CFFEX.IC2108
868,2021-08-09,CFFEX.IC2108
869,2021-08-10,CFFEX.IC2108
870,2021-08-11,CFFEX.IC2108
871,2021-08-12,CFFEX.IC2108
872,2021-08-13,CFFEX.IC2108
873,2021-08-16,CFFEX.IC2108
874,2021-08-17,CFFEX.IC2108
875,2021-08-18,CFFEX.IC2108
876,2021-08-19,CFFEX.IC2109
877,2021-08-20,CFFEX.IC2109
878,2021-08-23,CFFEX.IC2109
879,2021-08-24,CFFEX.IC2109
880,2021-08-25,CFFEX.IC2109
881,2021-08-26,CFFEX.IC2109
882,2021-08-27,CFFEX.IC2109
883,2021-08-30,CFFEX.IC2109
884,2021-08-31,CFFEX.IC2109
885,2021-09-01,CFFEX.IC2109
886,2021-09-02,CFFEX.IC2109
887,2021-09-03,CFFEX.IC2109
888,2021-09-06,CFFEX.IC2109
889,2021-09-07,CFFEX.IC2109
890,2021-09-08,CFFEX.IC2109
891,2021-09-09,CFFEX.IC2109
892,2021-09-10,CFFEX.IC2109
893,2021-09-13,CFFEX.IC2109
894,2021-09-14,CFFEX.IC2109
895,2021-09-15,CFFEX.IC2109
896,2021-09-16,CFFEX.IC2110
897,2021-09-17,CFFEX.IC2110
898,2021-09-22,CFFEX.IC2110
899,2021-09-23,CFFEX.IC2110
900,2021-09-24,CFFEX.IC2110
901,2021-09-27,CFFEX.IC2110
902,2021-09-28,CFFEX.IC2110
903,2021-09-29,CFFEX.IC2110
904,2021-09-30,CFFEX.IC2110
905,2021-10-08,CFFEX.IC2110
906,2021-10-11,CFFEX.IC2110
907,2021-10-12,CFFEX.IC2110
908,2021-10-13,CFFEX.IC2110
909,2021-10-14,CFFEX.IC2111
910,2021-10-15,CFFEX.IC2111
911,2021-10-18,CFFEX.IC2111
912,2021-10-19,CFFEX.IC2111
913,2021-10-20,CFFEX.IC2111
914,2021-10-21,CFFEX.IC2111
915,2021-10-22,CFFEX.IC2111
916,2021-10-25,CFFEX.IC2111
917,2021-10-26,CFFEX.IC2111
918,2021-10-27,CFFEX.IC2111
919,2021-10-28,CFFEX.IC2111
920,2021-10-29,CFFEX.IC2111
921,2021-11-01,CFFEX.IC2111
922,2021-11-02,CFFEX.IC2111
923,2021-11-03,CFFEX.IC2111
924,2021-11-04,CFFEX.IC2111
925,2021-11-05,CFFEX.IC2111
926,2021-11-08,CFFEX.IC2111
927,2021-11-09,CFFEX.IC2111
928,2021-11-10,CFFEX.IC2111
929,2021-11-11,CFFEX.IC2111
930,2021-11-12,CFFEX.IC2111
931,2021-11-15,CFFEX.IC2111
932,2021-11-16,CFFEX.IC2111
933,2021-11-17,CFFEX.IC2111
934,2021-11-18,CFFEX.IC2112
935,2021-11-19,CFFEX.IC2112
936,2021-11-22,CFFEX.IC2112
937,2021-11-23,CFFEX.IC2112
938,2021-11-24,CFFEX.IC2112
939,2021-11-25,CFFEX.IC2112
940,2021-11-26,CFFEX.IC2112
941,2021-11-29,CFFEX.IC2112
942,2021-11-30,CFFEX.IC2112
943,2021-12-01,CFFEX.IC2112
944,2021-12-02,CFFEX.IC2112
945,2021-12-03,CFFEX.IC2112
946,2021-12-06,CFFEX.IC2112
947,2021-12-07,CFFEX.IC2112
948,2021-12-08,CFFEX.IC2112
949,2021-12-09,CFFEX.IC2112
950,2021-12-10,CFFEX.IC2112
951,2021-12-13,CFFEX.IC2112
952,2021-12-14,CFFEX.IC2112
953,2021-12-15,CFFEX.IC2112
954,2021-12-16,CFFEX.IC2201
955,2021-12-17,CFFEX.IC2201
956,2021-12-20,CFFEX.IC2201
957,2021-12-21,CFFEX.IC2201
958,2021-12-22,CFFEX.IC2201
959,2021-12-23,CFFEX.IC2201
960,2021-12-24,CFFEX.IC2201
961,2021-12-27,CFFEX.IC2201
962,2021-12-28,CFFEX.IC2201
963,2021-12-29,CFFEX.IC2201
964,2021-12-30,CFFEX.IC2201
965,2021-12-31,CFFEX.IC2201
966,2022-01-04,CFFEX.IC2201
967,2022-01-05,CFFEX.IC2201
968,2022-01-06,CFFEX.IC2201
969,2022-01-07,CFFEX.IC2201
970,2022-01-10,CFFEX.IC2201
971,2022-01-11,CFFEX.IC2201
972,2022-01-12,CFFEX.IC2201
973,2022-01-13,CFFEX.IC2201
974,2022-01-14,CFFEX.IC2201
975,2022-01-17,CFFEX.IC2201
976,2022-01-18,CFFEX.IC2201
977,2022-01-19,CFFEX.IC2201
978,2022-01-20,CFFEX.IC2202
979,2022-01-21,CFFEX.IC2202
980,2022-01-24,CFFEX.IC2202
981,2022-01-25,CFFEX.IC2202
982,2022-01-26,CFFEX.IC2202
983,2022-01-27,CFFEX.IC2202
984,2022-01-28,CFFEX.IC2202
985,2022-02-07,CFFEX.IC2202
986,2022-02-08,CFFEX.IC2202
987,2022-02-09,CFFEX.IC2202
988,2022-02-10,CFFEX.IC2202
989,2022-02-11,CFFEX.IC2202
990,2022-02-14,CFFEX.IC2202
991,2022-02-15,CFFEX.IC2202
992,2022-02-16,CFFEX.IC2202
993,2022-02-17,CFFEX.IC2203
994,2022-02-18,CFFEX.IC2203
995,2022-02-21,CFFEX.IC2203
996,2022-02-22,CFFEX.IC2203
997,2022-02-23,CFFEX.IC2203
998,2022-02-24,CFFEX.IC2203
999,2022-02-25,CFFEX.IC2203
1000,2022-02-28,CFFEX.IC2203
1001,2022-03-01,CFFEX.IC2203
1002,2022-03-02,CFFEX.IC2203
1003,2022-03-03,CFFEX.IC2203
1004,2022-03-04,CFFEX.IC2203
1005,2022-03-07,CFFEX.IC2203
1006,2022-03-08,CFFEX.IC2203
1007,2022-03-09,CFFEX.IC2203
1008,2022-03-10,CFFEX.IC2203
1009,2022-03-11,CFFEX.IC2203
1010,2022-03-14,CFFEX.IC2203
1011,2022-03-15,CFFEX.IC2203
1012,2022-03-16,CFFEX.IC2203
1013,2022-03-17,CFFEX.IC2204
1014,2022-03-18,CFFEX.IC2204
1015,2022-03-21,CFFEX.IC2204
1016,2022-03-22,CFFEX.IC2204
1017,2022-03-23,CFFEX.IC2204
1018,2022-03-24,CFFEX.IC2204
1019,2022-03-25,CFFEX.IC2204
1020,2022-03-28,CFFEX.IC2204
1021,2022-03-29,CFFEX.IC2204
1022,2022-03-30,CFFEX.IC2204
1023,2022-03-31,CFFEX.IC2204
1024,2022-04-01,CFFEX.IC2204
1025,2022-04-06,CFFEX.IC2204
1026,2022-04-07,CFFEX.IC2204
1027,2022-04-08,CFFEX.IC2204
1028,2022-04-11,CFFEX.IC2204
1029,2022-04-12,CFFEX.IC2204
1030,2022-04-13,CFFEX.IC2204
1031,2022-04-14,CFFEX.IC2205
1032,2022-04-15,CFFEX.IC2205
1033,2022-04-18,CFFEX.IC2205
1034,2022-04-19,CFFEX.IC2205
1035,2022-04-20,CFFEX.IC2205
1036,2022-04-21,CFFEX.IC2205
1037,2022-04-22,CFFEX.IC2205
1038,2022-04-25,CFFEX.IC2205
1039,2022-04-26,CFFEX.IC2205
1040,2022-04-27,CFFEX.IC2205
1041,2022-04-28,CFFEX.IC2205
1042,2022-04-29,CFFEX.IC2205
1043,2022-05-05,CFFEX.IC2205
1044,2022-05-06,CFFEX.IC2205
1045,2022-05-09,CFFEX.IC2205
1046,2022-05-10,CFFEX.IC2205
1047,2022-05-11,CFFEX.IC2205
1048,2022-05-12,CFFEX.IC2205
1049,2022-05-13,CFFEX.IC2205
1050,2022-05-16,CFFEX.IC2205
1051,2022-05-17,CFFEX.IC2205
1052,2022-05-18,CFFEX.IC2205
1053,2022-05-19,CFFEX.IC2206
1054,2022-05-20,CFFEX.IC2206
1055,2022-05-23,CFFEX.IC2206
1056,2022-05-24,CFFEX.IC2206
1057,2022-05-25,CFFEX.IC2206
1058,2022-05-26,CFFEX.IC2206
1059,2022-05-27,CFFEX.IC2206
1060,2022-05-30,CFFEX.IC2206
1061,2022-05-31,CFFEX.IC2206
1062,2022-06-01,CFFEX.IC2206
1063,2022-06-02,CFFEX.IC2206
1064,2022-06-06,CFFEX.IC2206
1065,2022-06-07,CFFEX.IC2206
1066,2022-06-08,CFFEX.IC2206
1067,2022-06-09,CFFEX.IC2206
1068,2022-06-10,CFFEX.IC2206
1069,2022-06-13,CFFEX.IC2206
1070,2022-06-14,CFFEX.IC2206
1071,2022-06-15,CFFEX.IC2206
1072,2022-06-16,CFFEX.IC2207
1073,2022-06-17,CFFEX.IC2207
1074,2022-06-20,CFFEX.IC2207
1075,2022-06-21,CFFEX.IC2207
1076,2022-06-22,CFFEX.IC2207
1077,2022-06-23,CFFEX.IC2207
1078,2022-06-24,CFFEX.IC2207
1079,2022-06-27,CFFEX.IC2207
1080,2022-06-28,CFFEX.IC2207
1081,2022-06-29,CFFEX.IC2207
1082,2022-06-30,CFFEX.IC2207
1083,2022-07-01,CFFEX.IC2207
1084,2022-07-04,CFFEX.IC2207
1085,2022-07-05,CFFEX.IC2207
1086,2022-07-06,CFFEX.IC2207
1087,2022-07-07,CFFEX.IC2207
1088,2022-07-08,CFFEX.IC2207
1089,2022-07-11,CFFEX.IC2207
1090,2022-07-12,CFFEX.IC2207
1091,2022-07-13,CFFEX.IC2207
1092,2022-07-14,CFFEX.IC2208
1093,2022-07-15,CFFEX.IC2208
1094,2022-07-18,CFFEX.IC2208
1095,2022-07-19,CFFEX.IC2208
1096,2022-07-20,CFFEX.IC2208
1097,2022-07-21,CFFEX.IC2208
1098,2022-07-22,CFFEX.IC2208
1099,2022-07-25,CFFEX.IC2208
1100,2022-07-26,CFFEX.IC2208
1101,2022-07-27,CFFEX.IC2208
1102,2022-07-28,CFFEX.IC2208
1103,2022-07-29,CFFEX.IC2208
1104,2022-08-01,CFFEX.IC2208
1105,2022-08-02,CFFEX.IC2208
1106,2022-08-03,CFFEX.IC2208
1107,2022-08-04,CFFEX.IC2208
1108,2022-08-05,CFFEX.IC2208
1109,2022-08-08,CFFEX.IC2208
1110,2022-08-09,CFFEX.IC2208
1111,2022-08-10,CFFEX.IC2208
1112,2022-08-11,CFFEX.IC2208
1113,2022-08-12,CFFEX.IC2208
1114,2022-08-15,CFFEX.IC2208
1115,2022-08-16,CFFEX.IC2208
1116,2022-08-17,CFFEX.IC2208
1117,2022-08-18,CFFEX.IC2209
1118,2022-08-19,CFFEX.IC2209
1119,2022-08-22,CFFEX.IC2209
1120,2022-08-23,CFFEX.IC2209
1121,2022-08-24,CFFEX.IC2209
1122,2022-08-25,CFFEX.IC2209
1123,2022-08-26,CFFEX.IC2209
1124,2022-08-29,CFFEX.IC2209
1125,2022-08-30,CFFEX.IC2209
1126,2022-08-31,CFFEX.IC2209
1127,2022-09-01,CFFEX.IC2209
1128,2022-09-02,CFFEX.IC2209
1129,2022-09-05,CFFEX.IC2209
1130,2022-09-06,CFFEX.IC2209
1131,2022-09-07,CFFEX.IC2209
1132,2022-09-08,CFFEX.IC2209
1133,2022-09-09,CFFEX.IC2209
1134,2022-09-13,CFFEX.IC2209
1135,2022-09-14,CFFEX.IC2209
1136,2022-09-15,CFFEX.IC2210
1137,2022-09-16,CFFEX.IC2210
1138,2022-09-19,CFFEX.IC2210
1139,2022-09-20,CFFEX.IC2210
1140,2022-09-21,CFFEX.IC2210
1141,2022-09-22,CFFEX.IC2210
1142,2022-09-23,CFFEX.IC2210
1143,2022-09-26,CFFEX.IC2210
1144,2022-09-27,CFFEX.IC2210
1145,2022-09-28,CFFEX.IC2210
1146,2022-09-29,CFFEX.IC2210
1147,2022-09-30,CFFEX.IC2210
1148,2022-10-10,CFFEX.IC2210
1149,2022-10-11,CFFEX.IC2210
1150,2022-10-12,CFFEX.IC2210
1151,2022-10-13,CFFEX.IC2210
1152,2022-10-14,CFFEX.IC2210
1153,2022-10-17,CFFEX.IC2210
1154,2022-10-18,CFFEX.IC2210
1155,2022-10-19,CFFEX.IC2210
1156,2022-10-20,CFFEX.IC2211
1157,2022-10-21,CFFEX.IC2211
1158,2022-10-24,CFFEX.IC2211
1159,2022-10-25,CFFEX.IC2211
1160,2022-10-26,CFFEX.IC2211
1161,2022-10-27,CFFEX.IC2211
1162,2022-10-28,CFFEX.IC2211
1163,2022-10-31,CFFEX.IC2211
1164,2022-11-01,CFFEX.IC2211
1165,2022-11-02,CFFEX.IC2211
1166,2022-11-03,CFFEX.IC2211
1167,2022-11-04,CFFEX.IC2211
1168,2022-11-07,CFFEX.IC2211
1169,2022-11-08,CFFEX.IC2211
1170,2022-11-09,CFFEX.IC2211
1171,2022-11-10,CFFEX.IC2211
1172,2022-11-11,CFFEX.IC2211
1173,2022-11-14,CFFEX.IC2211
1174,2022-11-15,CFFEX.IC2211
1175,2022-11-16,CFFEX.IC2211
1176,2022-11-17,CFFEX.IC2212
1177,2022-11-18,CFFEX.IC2212
1178,2022-11-21,CFFEX.IC2212
1179,2022-11-22,CFFEX.IC2212
1180,2022-11-23,CFFEX.IC2212
1181,2022-11-24,CFFEX.IC2212
1182,2022-11-25,CFFEX.IC2212
1183,2022-11-28,CFFEX.IC2212
1184,2022-11-29,CFFEX.IC2212
1185,2022-11-30,CFFEX.IC2212
1186,2022-12-01,CFFEX.IC2212
1187,2022-12-02,CFFEX.IC2212
1188,2022-12-05,CFFEX.IC2212
1189,2022-12-06,CFFEX.IC2212
1190,2022-12-07,CFFEX.IC2212
1191,2022-12-08,CFFEX.IC2212
1192,2022-12-09,CFFEX.IC2212
1193,2022-12-12,CFFEX.IC2212
1194,2022-12-13,CFFEX.IC2212
1195,2022-12-14,CFFEX.IC2212
1196,2022-12-15,CFFEX.IC2301
1197,2022-12-16,CFFEX.IC2301
1198,2022-12-19,CFFEX.IC2301
1199,2022-12-20,CFFEX.IC2301
1200,2022-12-21,CFFEX.IC2301
1201,2022-12-22,CFFEX.IC2301
1202,2022-12-23,CFFEX.IC2301
1203,2022-12-26,CFFEX.IC2301
1204,2022-12-27,CFFEX.IC2301
1205,2022-12-28,CFFEX.IC2301
1206,2022-12-29,CFFEX.IC2301
1207,2022-12-30,CFFEX.IC2301
1208,2023-01-03,CFFEX.IC2301
1209,2023-01-04,CFFEX.IC2301
1210,2023-01-05,CFFEX.IC2301
1211,2023-01-06,CFFEX.IC2301
1212,2023-01-09,CFFEX.IC2301
1213,2023-01-10,CFFEX.IC2301
1214,2023-01-11,CFFEX.IC2301
1215,2023-01-12,CFFEX.IC2301
1216,2023-01-13,CFFEX.IC2301
1217,2023-01-16,CFFEX.IC2301
1218,2023-01-17,CFFEX.IC2301
1219,2023-01-18,CFFEX.IC2301
1220,2023-01-19,CFFEX.IC2302
1221,2023-01-20,CFFEX.IC2302
1222,2023-01-30,CFFEX.IC2302
1223,2023-01-31,CFFEX.IC2302
1224,2023-02-01,CFFEX.IC2302
1225,2023-02-02,CFFEX.IC2302
1226,2023-02-03,CFFEX.IC2302
1227,2023-02-06,CFFEX.IC2302
1228,2023-02-07,CFFEX.IC2302
1229,2023-02-08,CFFEX.IC2302
1230,2023-02-09,CFFEX.IC2302
1231,2023-02-10,CFFEX.IC2302
1232,2023-02-13,CFFEX.IC2302
1233,2023-02-14,CFFEX.IC2302
1234,2023-02-15,CFFEX.IC2302
1235,2023-02-16,CFFEX.IC2303
1236,2023-02-17,CFFEX.IC2303
1237,2023-02-20,CFFEX.IC2303
1238,2023-02-21,CFFEX.IC2303
1239,2023-02-22,CFFEX.IC2303
1240,2023-02-23,CFFEX.IC2303
1241,2023-02-24,CFFEX.IC2303
1242,2023-02-27,CFFEX.IC2303
1243,2023-02-28,CFFEX.IC2303
1244,2023-03-01,CFFEX.IC2303
1245,2023-03-02,CFFEX.IC2303
1246,2023-03-03,CFFEX.IC2303
1247,2023-03-06,CFFEX.IC2303
1248,2023-03-07,CFFEX.IC2303
1249,2023-03-08,CFFEX.IC2303
1250,2023-03-09,CFFEX.IC2303
1251,2023-03-10,CFFEX.IC2303
1252,2023-03-13,CFFEX.IC2303
1253,2023-03-14,CFFEX.IC2303
1254,2023-03-15,CFFEX.IC2303
1255,2023-03-16,CFFEX.IC2304
1256,2023-03-17,CFFEX.IC2304
1257,2023-03-20,CFFEX.IC2304
1258,2023-03-21,CFFEX.IC2304
1259,2023-03-22,CFFEX.IC2304
1260,2023-03-23,CFFEX.IC2304
1261,2023-03-24,CFFEX.IC2304
1262,2023-03-27,CFFEX.IC2304
1263,2023-03-28,CFFEX.IC2304
1264,2023-03-29,CFFEX.IC2304
1265,2023-03-30,CFFEX.IC2304
1266,2023-03-31,CFFEX.IC2304
1267,2023-04-03,CFFEX.IC2304
1268,2023-04-04,CFFEX.IC2304
1269,2023-04-06,CFFEX.IC2304
1270,2023-04-07,CFFEX.IC2304
1271,2023-04-10,CFFEX.IC2304
1272,2023-04-11,CFFEX.IC2304
1273,2023-04-12,CFFEX.IC2304
1274,2023-04-13,CFFEX.IC2304
1275,2023-04-14,CFFEX.IC2304
1276,2023-04-17,CFFEX.IC2304
1277,2023-04-18,CFFEX.IC2304
1278,2023-04-19,CFFEX.IC2304
1279,2023-04-20,CFFEX.IC2305
1280,2023-04-21,CFFEX.IC2305
1281,2023-04-24,CFFEX.IC2305
1282,2023-04-25,CFFEX.IC2305
1283,2023-04-26,CFFEX.IC2305
1284,2023-04-27,CFFEX.IC2305
1285,2023-04-28,CFFEX.IC2305
1286,2023-05-04,CFFEX.IC2305
1287,2023-05-05,CFFEX.IC2305
1288,2023-05-08,CFFEX.IC2305
1289,2023-05-09,CFFEX.IC2305
1290,2023-05-10,CFFEX.IC2305
1291,2023-05-11,CFFEX.IC2305
1292,2023-05-12,CFFEX.IC2305
1293,2023-05-15,CFFEX.IC2305
1294,2023-05-16,CFFEX.IC2305
1295,2023-05-17,CFFEX.IC2305
1296,2023-05-18,CFFEX.IC2306
1297,2023-05-19,CFFEX.IC2306
1298,2023-05-22,CFFEX.IC2306
1299,2023-05-23,CFFEX.IC2306
1300,2023-05-24,CFFEX.IC2306
1301,2023-05-25,CFFEX.IC2306
1302,2023-05-26,CFFEX.IC2306
1303,2023-05-29,CFFEX.IC2306
1304,2023-05-30,CFFEX.IC2306
1305,2023-05-31,CFFEX.IC2306
1306,2023-06-01,CFFEX.IC2306
1307,2023-06-02,CFFEX.IC2306
1308,2023-06-05,CFFEX.IC2306
1309,2023-06-06,CFFEX.IC2306
1310,2023-06-07,CFFEX.IC2306
1311,2023-06-08,CFFEX.IC2306
1312,2023-06-09,CFFEX.IC2306
1313,2023-06-12,CFFEX.IC2306
1314,2023-06-13,CFFEX.IC2306
1315,2023-06-14,CFFEX.IC2306
1316,2023-06-15,CFFEX.IC2307
1317,2023-06-16,CFFEX.IC2307
1318,2023-06-19,CFFEX.IC2307
1319,2023-06-20,CFFEX.IC2307
1320,2023-06-21,CFFEX.IC2307
1321,2023-06-26,CFFEX.IC2307
1322,2023-06-27,CFFEX.IC2307
1323,2023-06-28,CFFEX.IC2307
1324,2023-06-29,CFFEX.IC2307
1325,2023-06-30,CFFEX.IC2307
1326,2023-07-03,CFFEX.IC2307
1327,2023-07-04,CFFEX.IC2307
1328,2023-07-05,CFFEX.IC2307
1329,2023-07-06,CFFEX.IC2307
1330,2023-07-07,CFFEX.IC2307
1331,2023-07-10,CFFEX.IC2307
1332,2023-07-11,CFFEX.IC2307
1333,2023-07-12,CFFEX.IC2307
1334,2023-07-13,CFFEX.IC2307
1335,2023-07-14,CFFEX.IC2307
1336,2023-07-17,CFFEX.IC2307
1337,2023-07-18,CFFEX.IC2307
1338,2023-07-19,CFFEX.IC2307
1339,2023-07-20,CFFEX.IC2308
1340,2023-07-21,CFFEX.IC2308
1341,2023-07-24,CFFEX.IC2308
1342,2023-07-25,CFFEX.IC2308
1343,2023-07-26,CFFEX.IC2308
1344,2023-07-27,CFFEX.IC2308
1345,2023-07-28,CFFEX.IC2308
1346,2023-07-31,CFFEX.IC2308
1347,2023-08-01,CFFEX.IC2308
1348,2023-08-02,CFFEX.IC2308
1349,2023-08-03,CFFEX.IC2308
1350,2023-08-04,CFFEX.IC2308
1351,2023-08-07,CFFEX.IC2308
1352,2023-08-08,CFFEX.IC2308
1353,2023-08-09,CFFEX.IC2308
1354,2023-08-10,CFFEX.IC2308
1355,2023-08-11,CFFEX.IC2308
1356,2023-08-14,CFFEX.IC2308
1357,2023-08-15,CFFEX.IC2308
1358,2023-08-16,CFFEX.IC2309
1359,2023-08-17,CFFEX.IC2309
1360,2023-08-18,CFFEX.IC2309
1361,2023-08-21,CFFEX.IC2309
1362,2023-08-22,CFFEX.IC2309
1363,2023-08-23,CFFEX.IC2309
1364,2023-08-24,CFFEX.IC2309
1365,2023-08-25,CFFEX.IC2309
1366,2023-08-28,CFFEX.IC2309
1367,2023-08-29,CFFEX.IC2309
1368,2023-08-30,CFFEX.IC2309
1369,2023-08-31,CFFEX.IC2309
1370,2023-09-01,CFFEX.IC2309
1371,2023-09-04,CFFEX.IC2309
1372,2023-09-05,CFFEX.IC2309
1373,2023-09-06,CFFEX.IC2309
1374,2023-09-07,CFFEX.IC2309
1375,2023-09-08,CFFEX.IC2309
1376,2023-09-11,CFFEX.IC2309
1377,2023-09-12,CFFEX.IC2309
1378,2023-09-13,CFFEX.IC2309
1379,2023-09-14,CFFEX.IC2310
1380,2023-09-15,CFFEX.IC2310
1381,2023-09-18,CFFEX.IC2310
1382,2023-09-19,CFFEX.IC2310
1383,2023-09-20,CFFEX.IC2310
1384,2023-09-21,CFFEX.IC2310
1385,2023-09-22,CFFEX.IC2310
1386,2023-09-25,CFFEX.IC2310
1387,2023-09-26,CFFEX.IC2310
1388,2023-09-27,CFFEX.IC2310
1389,2023-09-28,CFFEX.IC2310
1390,2023-10-09,CFFEX.IC2310
1391,2023-10-10,CFFEX.IC2310
1392,2023-10-11,CFFEX.IC2310
1393,2023-10-12,CFFEX.IC2310
1394,2023-10-13,CFFEX.IC2310
1395,2023-10-16,CFFEX.IC2310
1396,2023-10-17,CFFEX.IC2310
1397,2023-10-18,CFFEX.IC2310
1398,2023-10-19,CFFEX.IC2311
1399,2023-10-20,CFFEX.IC2311
1400,2023-10-23,CFFEX.IC2311
1401,2023-10-24,CFFEX.IC2311
1402,2023-10-25,CFFEX.IC2311
1403,2023-10-26,CFFEX.IC2311
1404,2023-10-27,CFFEX.IC2311
1405,2023-10-30,CFFEX.IC2311
1406,2023-10-31,CFFEX.IC2311
1407,2023-11-01,CFFEX.IC2311
1408,2023-11-02,CFFEX.IC2311
1409,2023-11-03,CFFEX.IC2311
1410,2023-11-06,CFFEX.IC2311
1411,2023-11-07,CFFEX.IC2311
1412,2023-11-08,CFFEX.IC2311
1413,2023-11-09,CFFEX.IC2311
1414,2023-11-10,CFFEX.IC2311
1415,2023-11-13,CFFEX.IC2311
1416,2023-11-14,CFFEX.IC2311
1417,2023-11-15,CFFEX.IC2311
1418,2023-11-16,CFFEX.IC2312
1419,2023-11-17,CFFEX.IC2312
1420,2023-11-20,CFFEX.IC2312
1421,2023-11-21,CFFEX.IC2312
1422,2023-11-22,CFFEX.IC2312
1423,2023-11-23,CFFEX.IC2312
1424,2023-11-24,CFFEX.IC2312
1425,2023-11-27,CFFEX.IC2312
1426,2023-11-28,CFFEX.IC2312
1427,2023-11-29,CFFEX.IC2312
1428,2023-11-30,CFFEX.IC2312
1429,2023-12-01,CFFEX.IC2312
1430,2023-12-04,CFFEX.IC2312
1431,2023-12-05,CFFEX.IC2312
1432,2023-12-06,CFFEX.IC2312
1433,2023-12-07,CFFEX.IC2312
1434,2023-12-08,CFFEX.IC2312
1435,2023-12-11,CFFEX.IC2312
1436,2023-12-12,CFFEX.IC2312
1437,2023-12-13,CFFEX.IC2312
1438,2023-12-14,CFFEX.IC2401
1439,2023-12-15,CFFEX.IC2401
1440,2023-12-18,CFFEX.IC2401
1441,2023-12-19,CFFEX.IC2401
1442,2023-12-20,CFFEX.IC2401
1443,2023-12-21,CFFEX.IC2401
1444,2023-12-22,CFFEX.IC2401
1445,2023-12-25,CFFEX.IC2401
1446,2023-12-26,CFFEX.IC2401
1447,2023-12-27,CFFEX.IC2401
1448,2023-12-28,CFFEX.IC2401
1449,2023-12-29,CFFEX.IC2401
1450,2024-01-02,CFFEX.IC2401
1451,2024-01-03,CFFEX.IC2401
1452,2024-01-04,CFFEX.IC2401
1453,2024-01-05,CFFEX.IC2401
1454,2024-01-08,CFFEX.IC2401
1455,2024-01-09,CFFEX.IC2401
1456,2024-01-10,CFFEX.IC2401
1457,2024-01-11,CFFEX.IC2401
1458,2024-01-12,CFFEX.IC2401
1459,2024-01-15,CFFEX.IC2401
1460,2024-01-16,CFFEX.IC2401
1461,2024-01-17,CFFEX.IC2401
1462,2024-01-18,CFFEX.IC2402
1463,2024-01-19,CFFEX.IC2402
1464,2024-01-22,CFFEX.IC2402
1465,2024-01-23,CFFEX.IC2402
1466,2024-01-24,CFFEX.IC2402
1467,2024-01-25,CFFEX.IC2402
1468,2024-01-26,CFFEX.IC2402
1469,2024-01-29,CFFEX.IC2402
1470,2024-01-30,CFFEX.IC2402
1471,2024-01-31,CFFEX.IC2402
1472,2024-02-01,CFFEX.IC2402
1473,2024-02-02,CFFEX.IC2402
1474,2024-02-05,CFFEX.IC2402
1475,2024-02-06,CFFEX.IC2402
1476,2024-02-07,CFFEX.IC2403
1477,2024-02-08,CFFEX.IC2403
1478,2024-02-19,CFFEX.IC2403
1479,2024-02-20,CFFEX.IC2403
1480,2024-02-21,CFFEX.IC2403
1481,2024-02-22,CFFEX.IC2403
1482,2024-02-23,CFFEX.IC2403
1483,2024-02-26,CFFEX.IC2403
1484,2024-02-27,CFFEX.IC2403
1485,2024-02-28,CFFEX.IC2403
1486,2024-02-29,CFFEX.IC2403
1487,2024-03-01,CFFEX.IC2403
1488,2024-03-04,CFFEX.IC2403
1489,2024-03-05,CFFEX.IC2403
1490,2024-03-06,CFFEX.IC2403
1491,2024-03-07,CFFEX.IC2403
1492,2024-03-08,CFFEX.IC2403
1493,2024-03-11,CFFEX.IC2403
1494,2024-03-12,CFFEX.IC2403
1495,2024-03-13,CFFEX.IC2403
1496,2024-03-14,CFFEX.IC2404
1497,2024-03-15,CFFEX.IC2404
1498,2024-03-18,CFFEX.IC2404
1499,2024-03-19,CFFEX.IC2404
1500,2024-03-20,CFFEX.IC2404
1501,2024-03-21,CFFEX.IC2404
1502,2024-03-22,CFFEX.IC2404
1503,2024-03-25,CFFEX.IC2404
1504,2024-03-26,CFFEX.IC2404
1505,2024-03-27,CFFEX.IC2404
1506,2024-03-28,CFFEX.IC2404
1507,2024-03-29,CFFEX.IC2404
1508,2024-04-01,CFFEX.IC2404
1509,2024-04-02,CFFEX.IC2404
1510,2024-04-03,CFFEX.IC2404
1511,2024-04-08,CFFEX.IC2404
1512,2024-04-09,CFFEX.IC2404
1513,2024-04-10,CFFEX.IC2404
1514,2024-04-11,CFFEX.IC2404
1515,2024-04-12,CFFEX.IC2404
1516,2024-04-15,CFFEX.IC2404
1517,2024-04-16,CFFEX.IC2404
1518,2024-04-17,CFFEX.IC2404
1519,2024-04-18,CFFEX.IC2405
1520,2024-04-19,CFFEX.IC2405
1521,2024-04-22,CFFEX.IC2405
1522,2024-04-23,CFFEX.IC2405
1523,2024-04-24,CFFEX.IC2405
1524,2024-04-25,CFFEX.IC2405
1525,2024-04-26,CFFEX.IC2405
1526,2024-04-29,CFFEX.IC2405
1527,2024-04-30,CFFEX.IC2405
1528,2024-05-06,CFFEX.IC2405
1529,2024-05-07,CFFEX.IC2405
1530,2024-05-08,CFFEX.IC2405
1531,2024-05-09,CFFEX.IC2405
1532,2024-05-10,CFFEX.IC2405
1533,2024-05-13,CFFEX.IC2405
1534,2024-05-14,CFFEX.IC2405
1535,2024-05-15,CFFEX.IC2405
1536,2024-05-16,CFFEX.IC2406
1537,2024-05-17,CFFEX.IC2406
1538,2024-05-20,CFFEX.IC2406
1539,2024-05-21,CFFEX.IC2406
1540,2024-05-22,CFFEX.IC2406
1541,2024-05-23,CFFEX.IC2406
1542,2024-05-24,CFFEX.IC2406
1543,2024-05-27,CFFEX.IC2406
1544,2024-05-28,CFFEX.IC2406
1545,2024-05-29,CFFEX.IC2406
1546,2024-05-30,CFFEX.IC2406
1547,2024-05-31,CFFEX.IC2406
1548,2024-06-03,CFFEX.IC2406
1549,2024-06-04,CFFEX.IC2406
1550,2024-06-05,CFFEX.IC2406
1551,2024-06-06,CFFEX.IC2406
1552,2024-06-07,CFFEX.IC2406
1553,2024-06-11,CFFEX.IC2406
1554,2024-06-12,CFFEX.IC2406
1555,2024-06-13,CFFEX.IC2406
1556,2024-06-14,CFFEX.IC2406
1557,2024-06-17,CFFEX.IC2406
1558,2024-06-18,CFFEX.IC2406
1559,2024-06-19,CFFEX.IC2406
1560,2024-06-20,CFFEX.IC2407
1561,2024-06-21,CFFEX.IC2407
1562,2024-06-24,CFFEX.IC2407
1563,2024-06-25,CFFEX.IC2407
1564,2024-06-26,CFFEX.IC2407
1565,2024-06-27,CFFEX.IC2407
1566,2024-06-28,CFFEX.IC2407
1567,2024-07-01,CFFEX.IC2407
1568,2024-07-02,CFFEX.IC2407
1569,2024-07-03,CFFEX.IC2407
1570,2024-07-04,CFFEX.IC2407
1571,2024-07-05,CFFEX.IC2407
1572,2024-07-08,CFFEX.IC2407
1573,2024-07-09,CFFEX.IC2407
1574,2024-07-10,CFFEX.IC2407
1575,2024-07-11,CFFEX.IC2407
1576,2024-07-12,CFFEX.IC2407
1577,2024-07-15,CFFEX.IC2407
1578,2024-07-16,CFFEX.IC2407
1579,2024-07-17,CFFEX.IC2407
1580,2024-07-18,CFFEX.IC2408
1581,2024-07-19,CFFEX.IC2408
1582,2024-07-22,CFFEX.IC2408
1583,2024-07-23,CFFEX.IC2408
1584,2024-07-24,CFFEX.IC2408
1585,2024-07-25,CFFEX.IC2408
1586,2024-07-26,CFFEX.IC2408
1587,2024-07-29,CFFEX.IC2408
1588,2024-07-30,CFFEX.IC2408
1589,2024-07-31,CFFEX.IC2408
1590,2024-08-01,CFFEX.IC2408
1591,2024-08-02,CFFEX.IC2408
1592,2024-08-05,CFFEX.IC2408
1593,2024-08-06,CFFEX.IC2408
1594,2024-08-07,CFFEX.IC2408
1595,2024-08-08,CFFEX.IC2408
1596,2024-08-09,CFFEX.IC2408
1597,2024-08-12,CFFEX.IC2408
1598,2024-08-13,CFFEX.IC2408
1599,2024-08-14,CFFEX.IC2408
1600,2024-08-15,CFFEX.IC2409
1601,2024-08-16,CFFEX.IC2409
1602,2024-08-19,CFFEX.IC2409
1603,2024-08-20,CFFEX.IC2409
1604,2024-08-21,CFFEX.IC2409
1605,2024-08-22,CFFEX.IC2409
1606,2024-08-23,CFFEX.IC2409
1607,2024-08-26,CFFEX.IC2409
1608,2024-08-27,CFFEX.IC2409
1609,2024-08-28,CFFEX.IC2409
1610,2024-08-29,CFFEX.IC2409
1611,2024-08-30,CFFEX.IC2409
1612,2024-09-02,CFFEX.IC2409
1613,2024-09-03,CFFEX.IC2409
1614,2024-09-04,CFFEX.IC2409
1615,2024-09-05,CFFEX.IC2409
1616,2024-09-06,CFFEX.IC2409
1617,2024-09-09,CFFEX.IC2409
1618,2024-09-10,CFFEX.IC2409
1619,2024-09-11,CFFEX.IC2409
1620,2024-09-12,CFFEX.IC2409
1621,2024-09-13,CFFEX.IC2409
1622,2024-09-18,CFFEX.IC2409
1623,2024-09-19,CFFEX.IC2410
1624,2024-09-20,CFFEX.IC2410
1625,2024-09-23,CFFEX.IC2410
1626,2024-09-24,CFFEX.IC2410
1627,2024-09-25,CFFEX.IC2410
1628,2024-09-26,CFFEX.IC2410
1629,2024-09-27,CFFEX.IC2410
1630,2024-09-30,CFFEX.IC2410
1631,2024-10-08,CFFEX.IC2410
1632,2024-10-09,CFFEX.IC2410
1633,2024-10-10,CFFEX.IC2410
1634,2024-10-11,CFFEX.IC2410
1635,2024-10-14,CFFEX.IC2410
1636,2024-10-15,CFFEX.IC2410
1637,2024-10-16,CFFEX.IC2410
1638,2024-10-17,CFFEX.IC2411
1639,2024-10-18,CFFEX.IC2411
1640,2024-10-21,CFFEX.IC2411
1641,2024-10-22,CFFEX.IC2411
1642,2024-10-23,CFFEX.IC2412
1643,2024-10-24,CFFEX.IC2412
1644,2024-10-25,CFFEX.IC2412
1645,2024-10-28,CFFEX.IC2412
1646,2024-10-29,CFFEX.IC2412
1647,2024-10-30,CFFEX.IC2412
1648,2024-10-31,CFFEX.IC2412
1649,2024-11-01,CFFEX.IC2412
1650,2024-11-04,CFFEX.IC2412
1651,2024-11-05,CFFEX.IC2412
1652,2024-11-06,CFFEX.IC2412
1653,2024-11-07,CFFEX.IC2412
1654,2024-11-08,CFFEX.IC2412
1655,2024-11-11,CFFEX.IC2412
1656,2024-11-12,CFFEX.IC2412
1657,2024-11-13,CFFEX.IC2412
1658,2024-11-14,CFFEX.IC2412
1659,2024-11-15,CFFEX.IC2412
1660,2024-11-18,CFFEX.IC2412
1661,2024-11-19,CFFEX.IC2412
1662,2024-11-20,CFFEX.IC2412
1663,2024-11-21,CFFEX.IC2412
1664,2024-11-22,CFFEX.IC2412
1665,2024-11-25,CFFEX.IC2412
1666,2024-11-26,CFFEX.IC2412
1667,2024-11-27,CFFEX.IC2412
1668,2024-11-28,CFFEX.IC2412
1669,2024-11-29,CFFEX.IC2412
1670,2024-12-02,CFFEX.IC2412
1671,2024-12-03,CFFEX.IC2412
1672,2024-12-04,CFFEX.IC2412
1673,2024-12-05,CFFEX.IC2412
1674,2024-12-06,CFFEX.IC2412
1675,2024-12-09,CFFEX.IC2412
1676,2024-12-10,CFFEX.IC2412
1677,2024-12-11,CFFEX.IC2412
1678,2024-12-12,CFFEX.IC2412
1679,2024-12-13,CFFEX.IC2412
1680,2024-12-16,CFFEX.IC2412
1681,2024-12-17,CFFEX.IC2412
1682,2024-12-18,CFFEX.IC2412
1683,2024-12-19,CFFEX.IC2503
1684,2024-12-20,CFFEX.IC2501
1685,2024-12-23,CFFEX.IC2501
1686,2024-12-24,CFFEX.IC2501
1687,2024-12-25,CFFEX.IC2501
1688,2024-12-26,CFFEX.IC2501
1689,2024-12-27,CFFEX.IC2501
1690,2024-12-30,CFFEX.IC2501
1691,2024-12-31,CFFEX.IC2501
1692,2025-01-02,CFFEX.IC2501
1693,2025-01-03,CFFEX.IC2501
1694,2025-01-06,CFFEX.IC2501
1695,2025-01-07,CFFEX.IC2501
1696,2025-01-08,CFFEX.IC2501
1697,2025-01-09,CFFEX.IC2501
1698,2025-01-10,CFFEX.IC2501
1699,2025-01-13,CFFEX.IC2501
1700,2025-01-14,CFFEX.IC2501
1701,2025-01-15,CFFEX.IC2501
1702,2025-01-16,CFFEX.IC2503
1703,2025-01-17,CFFEX.IC2503
1704,2025-01-20,CFFEX.IC2503
1705,2025-01-21,CFFEX.IC2503
1706,2025-01-22,CFFEX.IC2503
1707,2025-01-23,CFFEX.IC2503
1708,2025-01-24,CFFEX.IC2503
1709,2025-01-27,CFFEX.IC2503
1710,2025-02-05,CFFEX.IC2503
1711,2025-02-06,CFFEX.IC2503
1712,2025-02-07,CFFEX.IC2503
1713,2025-02-10,CFFEX.IC2503
1714,2025-02-11,CFFEX.IC2503
1715,2025-02-12,CFFEX.IC2503
1716,2025-02-13,CFFEX.IC2503
1717,2025-02-14,CFFEX.IC2503
1718,2025-02-17,CFFEX.IC2503
1719,2025-02-18,CFFEX.IC2503
1720,2025-02-19,CFFEX.IC2503
1721,2025-02-20,CFFEX.IC2503
1722,2025-02-21,CFFEX.IC2503
1723,2025-02-24,CFFEX.IC2503
1724,2025-02-25,CFFEX.IC2503
1725,2025-02-26,CFFEX.IC2503
1726,2025-02-27,CFFEX.IC2503
1727,2025-02-28,CFFEX.IC2503
1728,2025-03-03,CFFEX.IC2503
1729,2025-03-04,CFFEX.IC2503
1730,2025-03-05,CFFEX.IC2503
1731,2025-03-06,CFFEX.IC2503
1732,2025-03-07,CFFEX.IC2503
1733,2025-03-10,CFFEX.IC2503
1734,2025-03-11,CFFEX.IC2503
1735,2025-03-12,CFFEX.IC2503
1736,2025-03-13,CFFEX.IC2503
1737,2025-03-14,CFFEX.IC2503
1738,2025-03-17,CFFEX.IC2503
1739,2025-03-18,CFFEX.IC2503
1740,2025-03-19,CFFEX.IC2503
1741,2025-03-20,CFFEX.IC2504
1742,2025-03-21,CFFEX.IC2504
1743,2025-03-24,CFFEX.IC2504
1744,2025-03-25,CFFEX.IC2504
1745,2025-03-26,CFFEX.IC2504
1746,2025-03-27,CFFEX.IC2504
1747,2025-03-28,CFFEX.IC2504
1748,2025-03-31,CFFEX.IC2504
1749,2025-04-01,CFFEX.IC2504
1750,2025-04-02,CFFEX.IC2504
1751,2025-04-03,CFFEX.IC2504
1752,2025-04-07,CFFEX.IC2504
1753,2025-04-08,CFFEX.IC2504
1754,2025-04-09,CFFEX.IC2504
1755,2025-04-10,CFFEX.IC2504
1756,2025-04-11,CFFEX.IC2504
1757,2025-04-14,CFFEX.IC2504
1758,2025-04-15,CFFEX.IC2504
1759,2025-04-16,CFFEX.IC2504
1760,2025-04-17,CFFEX.IC2506
1761,2025-04-18,CFFEX.IC2506
1762,2025-04-21,CFFEX.IC2506
1763,2025-04-22,CFFEX.IC2506
1764,2025-04-23,CFFEX.IC2506
1765,2025-04-24,CFFEX.IC2506
1766,2025-04-25,CFFEX.IC2506
1767,2025-04-28,CFFEX.IC2506
1768,2025-04-29,CFFEX.IC2506
1769,2025-04-30,CFFEX.IC2506
1770,2025-05-06,CFFEX.IC2506
1771,2025-05-07,CFFEX.IC2506
1772,2025-05-08,CFFEX.IC2506
1773,2025-05-09,CFFEX.IC2506
1774,2025-05-12,CFFEX.IC2506
1775,2025-05-13,CFFEX.IC2506
1776,2025-05-14,CFFEX.IC2506
1777,2025-05-15,CFFEX.IC2506
1778,2025-05-16,CFFEX.IC2506
1779,2025-05-19,CFFEX.IC2506
1780,2025-05-20,CFFEX.IC2506
1781,2025-05-21,CFFEX.IC2506
1782,2025-05-22,CFFEX.IC2506
1783,2025-05-23,CFFEX.IC2506
1784,2025-05-26,CFFEX.IC2506
1785,2025-05-27,CFFEX.IC2506
1786,2025-05-28,CFFEX.IC2506
1787,2025-05-29,CFFEX.IC2506
1788,2025-05-30,CFFEX.IC2506
1789,2025-06-03,CFFEX.IC2506
1790,2025-06-04,CFFEX.IC2506
1791,2025-06-05,CFFEX.IC2506
1792,2025-06-06,CFFEX.IC2506
1793,2025-06-09,CFFEX.IC2506
1794,2025-06-10,CFFEX.IC2506
1795,2025-06-11,CFFEX.IC2506
1796,2025-06-12,CFFEX.IC2506
1797,2025-06-13,CFFEX.IC2506
1798,2025-06-16,CFFEX.IC2506
1799,2025-06-17,CFFEX.IC2506
1800,2025-06-18,CFFEX.IC2506
1801,2025-06-19,CFFEX.IC2509
1802,2025-06-20,CFFEX.IC2509
1803,2025-06-23,CFFEX.IC2509
1804,2025-06-24,CFFEX.IC2509
1805,2025-06-25,CFFEX.IC2509
1806,2025-06-26,CFFEX.IC2509
1807,2025-06-27,CFFEX.IC2509
1808,2025-06-30,CFFEX.IC2509
1809,2025-07-01,CFFEX.IC2509
1810,2025-07-02,CFFEX.IC2509
1811,2025-07-03,CFFEX.IC2509
1812,2025-07-04,CFFEX.IC2509
1813,2025-07-07,CFFEX.IC2509
1814,2025-07-08,CFFEX.IC2509
1815,2025-07-09,CFFEX.IC2509
1816,2025-07-10,CFFEX.IC2509
1817,2025-07-11,CFFEX.IC2509
1818,2025-07-14,CFFEX.IC2509
1819,2025-07-15,CFFEX.IC2509
1820,2025-07-16,CFFEX.IC2509
1821,2025-07-17,CFFEX.IC2509
1822,2025-07-18,CFFEX.IC2509
1823,2025-07-21,CFFEX.IC2509
1824,2025-07-22,CFFEX.IC2509
1825,2025-07-23,CFFEX.IC2509
1826,2025-07-24,CFFEX.IC2509
1827,2025-07-25,CFFEX.IC2509
1828,2025-07-28,CFFEX.IC2509
1829,2025-07-29,CFFEX.IC2509
1830,2025-07-30,CFFEX.IC2509
1831,2025-07-31,CFFEX.IC2509
1832,2025-08-01,CFFEX.IC2509
1833,2025-08-04,CFFEX.IC2509
1834,2025-08-05,CFFEX.IC2509
1835,2025-08-06,CFFEX.IC2509
1836,2025-08-07,CFFEX.IC2509
1837,2025-08-08,CFFEX.IC2509
1838,2025-08-11,CFFEX.IC2509
1839,2025-08-12,CFFEX.IC2509
1840,2025-08-13,CFFEX.IC2509
1841,2025-08-14,CFFEX.IC2509
1842,2025-08-15,CFFEX.IC2509
1843,2025-08-18,CFFEX.IC2509
1844,2025-08-19,CFFEX.IC2509
1845,2025-08-20,CFFEX.IC2509
1846,2025-08-21,CFFEX.IC2509
1847,2025-08-22,CFFEX.IC2509
1848,2025-08-25,CFFEX.IC2509
1849,2025-08-26,CFFEX.IC2509
1850,2025-08-27,CFFEX.IC2509
1851,2025-08-28,CFFEX.IC2509
1852,2025-08-29,CFFEX.IC2509
1853,2025-09-01,CFFEX.IC2509
1854,2025-09-02,CFFEX.IC2509
1855,2025-09-03,CFFEX.IC2509
1856,2025-09-04,CFFEX.IC2509
1857,2025-09-05,CFFEX.IC2509
1858,2025-09-08,CFFEX.IC2509
1859,2025-09-09,CFFEX.IC2509
1860,2025-09-10,CFFEX.IC2509
1861,2025-09-11,CFFEX.IC2509
1862,2025-09-12,CFFEX.IC2509
1863,2025-09-15,CFFEX.IC2509
1864,2025-09-16,CFFEX.IC2509
1865,2025-09-17,CFFEX.IC2509
1866,2025-09-18,CFFEX.IC2512
1867,2025-09-19,CFFEX.IC2512
1868,2025-09-22,CFFEX.IC2512
1869,2025-09-23,CFFEX.IC2512
1870,2025-09-24,CFFEX.IC2512
1871,2025-09-25,CFFEX.IC2512
1872,2025-09-26,CFFEX.IC2512
1873,2025-09-29,CFFEX.IC2512
1874,2025-09-30,CFFEX.IC2512
1875,2025-10-09,CFFEX.IC2512
1876,2025-10-10,CFFEX.IC2512
1877,2025-10-13,CFFEX.IC2512
1878,2025-10-14,CFFEX.IC2512
1879,2025-10-15,CFFEX.IC2512
1880,2025-10-16,CFFEX.IC2512
1881,2025-10-17,CFFEX.IC2512
1882,2025-10-20,CFFEX.IC2512
1883,2025-10-21,CFFEX.IC2512
1884,2025-10-22,CFFEX.IC2512
1885,2025-10-23,CFFEX.IC2512
1886,2025-10-24,CFFEX.IC2512
1887,2025-10-27,CFFEX.IC2512
1888,2025-10-28,CFFEX.IC2512
1889,2025-10-29,CFFEX.IC2512
1890,2025-10-30,CFFEX.IC2512
1891,2025-10-31,CFFEX.IC2512
1892,2025-11-03,CFFEX.IC2512
1893,2025-11-04,CFFEX.IC2512
1894,2025-11-05,CFFEX.IC2512
1895,2025-11-06,CFFEX.IC2512
1896,2025-11-07,CFFEX.IC2512
1897,2025-11-10,CFFEX.IC2512
1898,2025-11-11,CFFEX.IC2512
1899,2025-11-12,CFFEX.IC2512
1900,2025-11-13,CFFEX.IC2512
1901,2025-11-14,CFFEX.IC2512
1902,2025-11-17,CFFEX.IC2512
1903,2025-11-18,CFFEX.IC2512
1904,2025-11-19,CFFEX.IC2512
1905,2025-11-20,CFFEX.IC2512
1906,2025-11-21,CFFEX.IC2512
1907,2025-11-24,CFFEX.IC2512
1908,2025-11-25,CFFEX.IC2512
1909,2025-11-26,CFFEX.IC2512
1910,2025-11-27,CFFEX.IC2512
1911,2025-11-28,CFFEX.IC2512
1912,2025-12-01,CFFEX.IC2512
1913,2025-12-02,CFFEX.IC2512
1914,2025-12-03,CFFEX.IC2512
1915,2025-12-04,CFFEX.IC2512
1916,2025-12-05,CFFEX.IC2512
1917,2025-12-08,CFFEX.IC2512
1918,2025-12-09,CFFEX.IC2512
1919,2025-12-10,CFFEX.IC2512
1920,2025-12-11,CFFEX.IC2512
1921,2025-12-12,CFFEX.IC2512
1922,2025-12-15,CFFEX.IC2512
1923,2025-12-16,CFFEX.IC2512
1924,2025-12-17,CFFEX.IC2512
1925,2025-12-18,CFFEX.IC2603
1926,2025-12-19,CFFEX.IC2603
1927,2025-12-22,CFFEX.IC2603
1928,2025-12-23,CFFEX.IC2603
1929,2025-12-24,CFFEX.IC2603
1930,2025-12-25,CFFEX.IC2603
1931,2025-12-26,CFFEX.IC2603
1932,2025-12-29,CFFEX.IC2603
1933,2025-12-30,CFFEX.IC2603
1934,2025-12-31,CFFEX.IC2603
1935,2026-01-05,CFFEX.IC2603
1936,2026-01-06,CFFEX.IC2603
1937,2026-01-07,CFFEX.IC2603
1938,2026-01-08,CFFEX.IC2603
1939,2026-01-09,CFFEX.IC2603
1940,2026-01-12,CFFEX.IC2603
1941,2026-01-13,CFFEX.IC2603
1942,2026-01-14,CFFEX.IC2603
1943,2026-01-15,CFFEX.IC2603
1944,2026-01-16,CFFEX.IC2603
1945,2026-01-19,CFFEX.IC2603
1946,2026-01-20,CFFEX.IC2603
1947,2026-01-21,CFFEX.IC2603
1948,2026-01-22,CFFEX.IC2603
1949,2026-01-23,CFFEX.IC2603
1950,2026-01-26,CFFEX.IC2603
1951,2026-01-27,CFFEX.IC2603
1952,2026-01-28,CFFEX.IC2603
1953,2026-01-29,CFFEX.IC2603
1954,2026-01-30,CFFEX.IC2603
1955,2026-02-02,CFFEX.IC2603
1956,2026-02-03,CFFEX.IC2603
1957,2026-02-04,CFFEX.IC2603
1958,2026-02-05,CFFEX.IC2603
1959,2026-02-06,CFFEX.IC2603
1960,2026-02-09,CFFEX.IC2603
1961,2026-02-10,CFFEX.IC2603
1962,2026-02-11,CFFEX.IC2603
1963,2026-02-12,CFFEX.IC2603
1964,2026-02-13,CFFEX.IC2603
1965,2026-02-24,CFFEX.IC2603
1966,2026-02-25,CFFEX.IC2603
1967,2026-02-26,CFFEX.IC2603
1968,2026-02-27,CFFEX.IC2603
1969,2026-03-02,CFFEX.IC2603
1970,2026-03-03,CFFEX.IC2603
1971,2026-03-04,CFFEX.IC2603
1972,2026-03-05,CFFEX.IC2603
1973,2026-03-06,CFFEX.IC2603
1974,2026-03-09,CFFEX.IC2603
1975,2026-03-10,CFFEX.IC2603
1976,2026-03-11,CFFEX.IC2603
1977,2026-03-12,CFFEX.IC2603
1978,2026-03-13,CFFEX.IC2603
1979,2026-03-16,CFFEX.IC2603
1980,2026-03-17,CFFEX.IC2603
1981,2026-03-18,CFFEX.IC2603
1982,2026-03-19,CFFEX.IC2606
1983,2026-03-20,CFFEX.IC2606
1984,2026-03-23,CFFEX.IC2606
1985,2026-03-24,CFFEX.IC2606
1986,2026-03-25,CFFEX.IC2606
1987,2026-03-26,CFFEX.IC2606
1988,2026-03-27,CFFEX.IC2606
1989,2026-03-30,CFFEX.IC2606
1990,2026-03-31,CFFEX.IC2606
1991,2026-04-01,CFFEX.IC2606
1992,2026-04-02,CFFEX.IC2606
1993,2026-04-03,CFFEX.IC2606
1994,2026-04-07,CFFEX.IC2606
1995,2026-04-08,CFFEX.IC2606
1996,2026-04-09,CFFEX.IC2606
1997,2026-04-10,CFFEX.IC2606
1998,2026-04-13,CFFEX.IC2606
1999,2026-04-14,CFFEX.IC2606
