datetime,fut_close,idx_close,days_left,ann_basis
2018-01-01 16:00:00,6345.0,6332.23,4,-18.402
2018-01-02 16:00:00,6388.2,6388.25,4,0.071
2018-01-03 16:00:00,6406.8,6417.54,4,15.271
2018-01-04 16:00:00,6400.8,6417.25,4,23.391
2018-01-07 16:00:00,6433.0,6446.18,4,18.657
2018-01-08 16:00:00,6435.0,6445.75,4,15.218
2018-01-09 16:00:00,6406.6,6405.94,4,-0.94
2018-01-10 16:00:00,6423.2,6425.94,4,3.891
2018-01-11 16:00:00,6401.2,6399.37,4,-2.609
2018-01-14 16:00:00,6273.0,6253.38,4,-28.63
2018-01-15 16:00:00,6285.6,6301.13,4,22.49
2018-01-16 16:00:00,6250.0,6267.46,4,25.421
2018-01-17 16:00:00,6285.6,6286.8,4,1.742
2018-01-18 16:00:00,6281.0,6272.38,4,-12.54
2018-01-21 16:00:00,6348.6,6347.64,4,-1.38
2018-01-22 16:00:00,6345.8,6355.0,4,13.21
2018-01-23 16:00:00,6409.6,6394.3,4,-21.834
2018-01-24 16:00:00,6387.0,6382.72,4,-6.119
2018-01-25 16:00:00,6397.0,6383.63,4,-19.112
2018-01-28 16:00:00,6312.2,6309.88,4,-3.355
2018-01-29 16:00:00,6302.8,6313.44,4,15.378
2018-01-30 16:00:00,6186.6,6189.34,4,4.04
2018-01-31 16:00:00,5970.0,5984.74,4,22.474
2018-02-01 16:00:00,5986.2,6004.85,4,28.341
2018-02-04 16:00:00,5979.8,5998.22,4,28.022
2018-02-05 16:00:00,5686.8,5704.26,4,27.93
2018-02-06 16:00:00,5663.0,5711.33,4,77.217
2018-02-07 16:00:00,5747.0,5766.48,4,30.826
2018-02-08 16:00:00,5504.0,5554.9,4,83.613
2018-02-11 16:00:00,5661.0,5699.1,4,61.003
2018-02-12 16:00:00,5713.8,5736.95,4,36.822
2018-02-13 16:00:00,5730.0,5754.83,4,39.371
2018-02-21 16:00:00,5825.0,5875.73,4,78.784
2018-02-22 16:00:00,5833.4,5897.68,4,99.455
2018-02-25 16:00:00,6004.6,6029.68,4,37.955
2018-02-26 16:00:00,5979.6,6010.56,4,47.002
2018-02-27 16:00:00,5983.4,6023.68,4,61.018
2018-02-28 16:00:00,6057.8,6090.22,4,48.575
2018-03-01 16:00:00,6035.2,6056.34,4,31.851
2018-03-04 16:00:00,6019.2,6064.1,4,67.564
2018-03-05 16:00:00,6111.8,6145.58,4,50.157
2018-03-06 16:00:00,6031.0,6086.49,4,83.192
2018-03-07 16:00:00,6095.4,6131.51,4,53.739
2018-03-08 16:00:00,6198.8,6206.98,4,12.026
2018-03-11 16:00:00,6275.4,6295.78,4,29.538
2018-03-12 16:00:00,6241.0,6254.15,4,19.186
2018-03-13 16:00:00,6177.0,6189.32,4,18.164
2018-03-14 16:00:00,6172.0,6180.11,4,11.975
2018-03-15 16:00:00,6174.2,6146.31,4,-41.406
2018-03-18 16:00:00,6080.4,6153.83,4,108.883
2018-03-19 16:00:00,6103.2,6173.7,4,104.202
2018-03-20 16:00:00,6040.0,6129.2,4,132.799
2018-03-21 16:00:00,6037.4,6101.23,4,95.464
2018-03-22 16:00:00,5665.6,5787.15,4,191.656
2018-03-25 16:00:00,5846.0,5902.96,4,88.051
2018-03-26 16:00:00,6005.6,6034.78,4,44.122
2018-03-27 16:00:00,5915.2,5973.34,4,88.816
2018-03-28 16:00:00,6012.0,6034.86,4,34.565
2018-03-29 16:00:00,6101.0,6114.74,4,20.504
2018-04-01 16:00:00,6075.0,6121.96,4,69.996
2018-04-02 16:00:00,6023.4,6059.71,4,54.677
2018-04-03 16:00:00,5976.0,6017.69,4,63.217
2018-04-08 16:00:00,5981.8,6025.65,4,66.405
2018-04-09 16:00:00,6048.0,6063.74,4,23.686
2018-04-10 16:00:00,6055.0,6086.61,4,47.389
2018-04-11 16:00:00,6022.8,6051.33,4,43.021
2018-04-12 16:00:00,6010.0,6027.19,4,26.025
2018-04-15 16:00:00,5989.0,6012.41,4,35.529
2018-04-16 16:00:00,5888.0,5890.86,4,4.43
2018-04-17 16:00:00,5951.0,5970.66,4,30.047
2018-04-18 16:00:00,6000.0,6004.73,4,7.188
2018-04-19 16:00:00,5908.0,5880.84,4,-42.143
2018-04-22 16:00:00,5779.2,5823.92,4,70.068
2018-04-23 16:00:00,5913.2,5957.19,4,67.382
2018-04-24 16:00:00,5913.0,5959.42,4,71.078
2018-04-25 16:00:00,5806.4,5847.98,4,64.88
2018-04-26 16:00:00,5852.2,5860.98,4,13.67
2018-05-01 16:00:00,5827.8,5855.32,4,42.887
2018-05-02 16:00:00,5892.4,5910.61,4,28.113
2018-05-03 16:00:00,5881.0,5909.29,4,43.685
2018-05-06 16:00:00,6001.0,6019.14,4,27.5
2018-05-07 16:00:00,6028.6,6041.81,4,19.951
2018-05-08 16:00:00,6011.0,6029.23,4,27.59
2018-05-09 16:00:00,6036.4,6040.57,4,6.299
2018-05-10 16:00:00,5993.0,5991.34,4,-2.528
2018-05-13 16:00:00,5964.0,5967.55,4,5.428
2018-05-14 16:00:00,6020.0,6020.57,4,0.864
2018-05-15 16:00:00,6012.6,6004.07,4,-12.964
2018-05-16 16:00:00,5975.0,5973.78,4,-1.864
2018-05-17 16:00:00,5975.2,5995.15,4,30.365
2018-05-20 16:00:00,6027.4,6072.2,4,67.323
2018-05-21 16:00:00,6066.0,6092.91,4,40.302
2018-05-22 16:00:00,5992.4,6013.85,4,32.547
2018-05-23 16:00:00,5966.8,5992.62,4,39.316
2018-05-24 16:00:00,5874.8,5917.8,4,66.304
2018-05-27 16:00:00,5878.4,5891.26,4,19.919
2018-05-28 16:00:00,5794.4,5835.45,4,64.191
2018-05-29 16:00:00,5653.2,5682.59,4,47.194
2018-05-30 16:00:00,5738.0,5754.47,4,26.117
2018-05-31 16:00:00,5664.0,5685.12,4,33.899
2018-06-03 16:00:00,5671.0,5683.15,4,19.508
2018-06-04 16:00:00,5770.2,5779.08,4,14.021
2018-06-05 16:00:00,5765.6,5774.26,4,13.685
2018-06-06 16:00:00,5732.0,5738.02,4,9.573
2018-06-07 16:00:00,5658.6,5669.3,4,17.222
2018-06-10 16:00:00,5639.2,5632.36,4,-11.082
2018-06-11 16:00:00,5686.8,5693.35,4,10.498
2018-06-12 16:00:00,5603.0,5607.02,4,6.542
2018-06-13 16:00:00,5594.0,5586.93,4,-11.547
2018-06-14 16:00:00,5482.6,5483.94,4,2.23
2018-06-18 16:00:00,5057.8,5141.71,4,148.915
2018-06-19 16:00:00,5142.2,5198.39,4,98.633
2018-06-20 16:00:00,5010.0,5089.25,4,142.095
2018-06-21 16:00:00,5110.8,5160.12,4,87.216
2018-06-24 16:00:00,5028.8,5125.03,4,171.335
2018-06-25 16:00:00,5095.0,5160.28,4,115.436
2018-06-26 16:00:00,5001.0,5109.5,4,193.769
2018-06-27 16:00:00,5007.2,5055.11,4,86.483
2018-06-28 16:00:00,5185.4,5217.76,4,56.592
2018-07-01 16:00:00,5100.0,5138.78,4,68.862
2018-07-02 16:00:00,5144.0,5197.13,4,93.284
2018-07-03 16:00:00,5085.4,5121.34,4,64.036
2018-07-04 16:00:00,4920.2,4982.76,4,114.567
2018-07-05 16:00:00,4948.0,4996.63,4,88.81
2018-07-08 16:00:00,5088.0,5107.55,4,34.927
2018-07-09 16:00:00,5115.0,5136.53,4,38.248
2018-07-10 16:00:00,5008.8,5036.16,4,49.573
2018-07-11 16:00:00,5178.4,5172.5,4,-10.408
2018-07-12 16:00:00,5191.0,5204.19,4,23.127
2018-07-15 16:00:00,5199.2,5195.2,4,-7.026
2018-07-16 16:00:00,5184.4,5196.2,4,20.722
2018-07-17 16:00:00,5159.2,5156.64,4,-4.53
2018-07-18 16:00:00,5119.4,5111.33,4,-14.407
2018-07-19 16:00:00,5145.2,5175.25,4,52.984
2018-07-22 16:00:00,5191.0,5214.0,4,40.252
2018-07-23 16:00:00,5299.0,5304.64,4,9.702
2018-07-24 16:00:00,5297.8,5308.66,4,18.667
2018-07-25 16:00:00,5261.6,5273.48,4,20.557
2018-07-26 16:00:00,5230.0,5249.29,4,33.532
2018-07-29 16:00:00,5140.4,5185.15,4,78.753
2018-07-30 16:00:00,5157.4,5188.72,4,55.08
2018-07-31 16:00:00,5074.8,5105.37,4,54.639
2018-08-01 16:00:00,4946.4,4996.01,4,90.611
2018-08-02 16:00:00,4878.2,4929.75,4,95.419
2018-08-05 16:00:00,4806.0,4825.25,4,36.404
2018-08-06 16:00:00,4929.0,4956.87,4,51.305
2018-08-07 16:00:00,4855.4,4880.57,4,47.059
2018-08-08 16:00:00,4977.0,5004.77,4,50.632
2018-08-09 16:00:00,5012.8,5030.51,4,32.125
2018-08-12 16:00:00,5046.4,5055.28,4,16.029
2018-08-13 16:00:00,5036.8,5037.88,4,1.956
2018-08-14 16:00:00,4926.0,4932.81,4,12.598
2018-08-15 16:00:00,4871.0,4888.37,4,32.424
2018-08-16 16:00:00,4738.0,4803.03,4,123.547
2018-08-19 16:00:00,4783.6,4832.65,4,92.616
2018-08-20 16:00:00,4825.0,4891.98,4,124.938
2018-08-21 16:00:00,4806.0,4837.02,4,58.519
2018-08-22 16:00:00,4826.2,4863.67,4,70.3
2018-08-23 16:00:00,4809.4,4852.32,4,80.713
2018-08-26 16:00:00,4931.4,4960.07,4,52.744
2018-08-27 16:00:00,4936.8,4974.21,4,68.627
2018-08-28 16:00:00,4918.2,4941.96,4,43.871
2018-08-29 16:00:00,4846.0,4867.23,4,39.802
2018-08-30 16:00:00,4783.4,4814.82,4,59.547
2018-09-02 16:00:00,4819.6,4838.87,4,36.339
2018-09-03 16:00:00,4857.6,4890.28,4,60.979
2018-09-04 16:00:00,4785.0,4815.19,4,57.211
2018-09-05 16:00:00,4767.8,4793.35,4,48.639
2018-09-06 16:00:00,4765.0,4791.78,4,50.997
2018-09-09 16:00:00,4684.2,4705.11,4,40.552
2018-09-10 16:00:00,4694.4,4702.9,4,16.492
2018-09-11 16:00:00,4675.0,4693.97,4,36.877
2018-09-12 16:00:00,4718.0,4721.21,4,6.204
2018-09-13 16:00:00,4654.4,4670.1,4,30.677
2018-09-16 16:00:00,4602.8,4602.53,4,-0.535
2018-09-17 16:00:00,4679.4,4683.98,4,8.922
2018-09-18 16:00:00,4734.4,4737.25,4,5.49
2018-09-19 16:00:00,4743.6,4733.6,4,-19.277
2018-09-20 16:00:00,4827.8,4805.22,4,-42.879
2018-09-24 16:00:00,4793.2,4792.55,4,-1.238
2018-09-25 16:00:00,4800.0,4815.65,4,29.655
2018-09-26 16:00:00,4764.6,4755.58,4,-17.308
2018-09-27 16:00:00,4820.4,4800.86,4,-37.14
2018-10-07 16:00:00,4654.8,4646.49,4,-16.32
2018-10-08 16:00:00,4624.8,4634.89,4,19.865
2018-10-09 16:00:00,4639.2,4629.89,4,-18.349
2018-10-10 16:00:00,4258.2,4307.42,4,104.269
2018-10-11 16:00:00,4267.2,4278.04,4,23.122
2018-10-14 16:00:00,4178.4,4199.15,4,45.091
2018-10-15 16:00:00,4100.4,4099.73,4,-1.491
2018-10-16 16:00:00,4120.6,4133.47,4,28.412
2018-10-17 16:00:00,4033.2,4018.55,4,-33.266
2018-10-18 16:00:00,4080.4,4128.2,4,105.657
2018-10-21 16:00:00,4317.6,4333.24,4,32.935
2018-10-22 16:00:00,4219.6,4253.59,4,72.917
2018-10-23 16:00:00,4209.8,4245.49,4,76.71
2018-10-24 16:00:00,4226.0,4234.52,4,18.36
2018-10-25 16:00:00,4199.8,4234.69,4,75.182
2018-10-28 16:00:00,4156.0,4162.58,4,14.424
2018-10-29 16:00:00,4189.6,4204.54,4,32.424
2018-10-30 16:00:00,4252.0,4272.55,4,43.889
2018-10-31 16:00:00,4280.0,4299.42,4,41.217
2018-11-01 16:00:00,4436.0,4437.95,4,4.009
2018-11-04 16:00:00,4430.2,4440.83,4,21.842
2018-11-05 16:00:00,4439.2,4438.1,4,-2.262
2018-11-06 16:00:00,4388.4,4415.2,4,55.388
2018-11-07 16:00:00,4370.8,4382.38,4,24.112
2018-11-08 16:00:00,4368.8,4368.61,4,-0.397
2018-11-11 16:00:00,4487.2,4481.69,4,-11.219
2018-11-12 16:00:00,4571.0,4563.54,4,-14.917
2018-11-13 16:00:00,4552.6,4545.51,4,-14.233
2018-11-14 16:00:00,4620.0,4619.81,4,-0.375
2018-11-15 16:00:00,4647.8,4659.1,4,22.131
2018-11-18 16:00:00,4659.4,4670.74,4,22.154
2018-11-19 16:00:00,4520.0,4537.45,4,35.093
2018-11-20 16:00:00,4536.2,4554.67,4,37.004
2018-11-21 16:00:00,4523.0,4551.33,4,56.799
2018-11-22 16:00:00,4328.2,4374.91,4,97.426
2018-11-25 16:00:00,4315.8,4367.46,4,107.934
2018-11-26 16:00:00,4344.2,4387.65,4,90.363
2018-11-27 16:00:00,4398.0,4441.86,4,90.102
2018-11-28 16:00:00,4312.2,4345.7,4,70.343
2018-11-29 16:00:00,4328.2,4376.65,4,101.015
2018-12-02 16:00:00,4472.0,4515.17,4,87.245
2018-12-03 16:00:00,4514.6,4536.21,4,43.47
2018-12-04 16:00:00,4470.0,4502.7,4,66.269
2018-12-05 16:00:00,4388.2,4411.09,4,47.351
2018-12-06 16:00:00,4386.0,4410.96,4,51.635
2018-12-09 16:00:00,4336.6,4359.31,4,47.537
2018-12-10 16:00:00,4387.2,4395.57,4,17.376
2018-12-11 16:00:00,4371.8,4393.32,4,44.697
2018-12-12 16:00:00,4430.2,4443.16,4,26.616
2018-12-13 16:00:00,4329.6,4337.1,4,15.78
2018-12-16 16:00:00,4321.2,4330.65,4,19.912
2018-12-17 16:00:00,4295.2,4307.27,4,25.57
2018-12-18 16:00:00,4236.2,4247.9,4,25.133
2018-12-19 16:00:00,4264.0,4259.76,4,-9.083
2018-12-20 16:00:00,4206.0,4231.14,4,54.218
2018-12-23 16:00:00,4255.0,4274.72,4,42.095
2018-12-24 16:00:00,4195.2,4225.79,4,66.055
2018-12-25 16:00:00,4189.0,4208.65,4,42.604
2018-12-26 16:00:00,4131.0,4161.27,4,66.377
2018-12-27 16:00:00,4120.4,4168.04,4,104.297
2019-01-01 16:00:00,4096.8,4131.96,4,77.647
2019-01-02 16:00:00,4086.6,4112.81,4,58.152
2019-01-03 16:00:00,4207.8,4210.88,4,6.674
2019-01-06 16:00:00,4268.6,4288.32,4,41.962
2019-01-07 16:00:00,4270.8,4277.34,4,13.952
2019-01-08 16:00:00,4273.8,4289.03,4,32.402
2019-01-09 16:00:00,4277.4,4281.86,4,9.505
2019-01-10 16:00:00,4312.0,4314.88,4,6.091
2019-01-13 16:00:00,4290.2,4286.55,4,-7.77
2019-01-14 16:00:00,4351.4,4347.36,4,-8.48
2019-01-15 16:00:00,4341.0,4336.88,4,-8.669
2019-01-16 16:00:00,4307.4,4303.73,4,-7.781
2019-01-17 16:00:00,4341.0,4347.81,4,14.293
2019-01-20 16:00:00,4360.0,4373.63,4,28.437
2019-01-21 16:00:00,4294.2,4308.25,4,29.758
2019-01-22 16:00:00,4302.6,4315.68,4,27.656
2019-01-23 16:00:00,4330.8,4338.17,4,15.502
2019-01-24 16:00:00,4310.0,4318.44,4,17.834
2019-01-27 16:00:00,4291.6,4307.22,4,33.092
2019-01-28 16:00:00,4242.4,4254.29,4,25.503
2019-01-29 16:00:00,4201.8,4211.62,4,21.276
2019-01-30 16:00:00,4183.6,4176.47,4,-15.578
2019-01-31 16:00:00,4313.2,4294.27,4,-40.225
2019-02-10 16:00:00,4406.8,4402.87,4,-8.145
2019-02-11 16:00:00,4433.4,4439.48,4,12.497
2019-02-12 16:00:00,4512.0,4512.41,4,0.829
2019-02-13 16:00:00,4533.8,4532.17,4,-3.282
2019-02-14 16:00:00,4502.6,4502.73,4,0.263
2019-02-17 16:00:00,4677.0,4661.0,4,-31.324
2019-02-18 16:00:00,4659.0,4667.28,4,16.188
2019-02-19 16:00:00,4652.0,4667.62,4,30.536
2019-02-20 16:00:00,4662.0,4659.14,4,-5.601
2019-02-21 16:00:00,4804.8,4777.3,4,-52.527
2019-02-24 16:00:00,5123.0,5044.35,4,-142.274
2019-02-25 16:00:00,5063.2,5038.54,4,-44.66
2019-02-26 16:00:00,5017.4,5017.88,4,0.873
2019-02-27 16:00:00,5034.6,5025.29,4,-16.905
2019-02-28 16:00:00,5081.2,5067.23,4,-25.157
2019-03-03 16:00:00,5144.4,5158.25,4,24.501
2019-03-04 16:00:00,5298.8,5295.29,4,-6.049
2019-03-05 16:00:00,5400.0,5390.03,4,-16.879
2019-03-06 16:00:00,5442.4,5458.62,4,27.114
2019-03-07 16:00:00,5296.4,5245.7,4,-88.194
2019-03-10 16:00:00,5448.8,5456.38,4,12.676
2019-03-11 16:00:00,5546.2,5551.0,4,7.89
2019-03-12 16:00:00,5403.6,5424.86,4,35.761
2019-03-13 16:00:00,5289.6,5298.5,4,15.327
2019-03-14 16:00:00,5330.6,5359.01,4,48.375
2019-03-17 16:00:00,5513.8,5501.18,4,-20.933
2019-03-18 16:00:00,5487.4,5522.18,4,57.471
2019-03-19 16:00:00,5470.0,5515.79,4,75.752
2019-03-20 16:00:00,5541.4,5589.48,4,78.492
2019-03-21 16:00:00,5611.2,5622.14,4,17.756
2019-03-24 16:00:00,5518.6,5549.67,4,51.087
2019-03-25 16:00:00,5358.0,5394.88,4,62.38
2019-03-26 16:00:00,5391.6,5447.88,4,94.267
2019-03-27 16:00:00,5318.6,5370.12,4,87.544
2019-03-28 16:00:00,5534.4,5547.66,4,21.811
2019-03-31 16:00:00,5766.0,5757.84,4,-12.932
2019-04-01 16:00:00,5746.6,5775.55,4,45.739
2019-04-02 16:00:00,5828.6,5836.04,4,11.633
2019-04-03 16:00:00,5882.6,5871.56,4,-17.157
2019-04-07 16:00:00,5800.8,5847.63,4,73.076
2019-04-08 16:00:00,5836.8,5858.05,4,33.101
2019-04-09 16:00:00,5818.8,5850.76,4,49.846
2019-04-10 16:00:00,5721.2,5727.17,4,9.512
2019-04-11 16:00:00,5701.2,5714.37,4,21.031
2019-04-14 16:00:00,5609.0,5655.98,4,75.795
2019-04-15 16:00:00,5759.2,5777.01,4,28.132
2019-04-16 16:00:00,5772.4,5807.73,4,55.51
2019-04-17 16:00:00,5765.2,5775.17,4,15.753
2019-04-18 16:00:00,5775.8,5810.18,4,53.994
2019-04-21 16:00:00,5677.0,5723.04,4,73.408
2019-04-22 16:00:00,5552.8,5628.06,4,122.022
2019-04-23 16:00:00,5627.0,5679.73,4,84.716
2019-04-24 16:00:00,5411.2,5458.42,4,78.939
2019-04-25 16:00:00,5375.2,5408.03,4,55.394
2019-04-28 16:00:00,5258.8,5265.6,4,11.784
2019-04-29 16:00:00,5267.2,5307.56,4,69.389
2019-05-05 16:00:00,4810.0,4908.8,4,183.66
2019-05-06 16:00:00,4906.0,4973.4,4,123.663
2019-05-07 16:00:00,4873.2,4947.74,4,137.472
2019-05-08 16:00:00,4842.8,4888.41,4,85.138
2019-05-09 16:00:00,5018.0,5064.32,4,83.46
2019-05-12 16:00:00,4938.4,5005.9,4,123.042
2019-05-13 16:00:00,4938.8,4965.61,4,49.267
2019-05-14 16:00:00,5046.2,5076.56,4,54.571
2019-05-15 16:00:00,4993.0,5108.36,4,206.066
2019-05-16 16:00:00,4824.8,4942.58,4,217.446
2019-05-19 16:00:00,4825.0,4923.56,4,182.665
2019-05-20 16:00:00,4903.6,5009.87,4,193.561
2019-05-21 16:00:00,4889.8,4976.39,4,158.776
2019-05-22 16:00:00,4788.2,4872.92,4,158.646
2019-05-23 16:00:00,4772.6,4841.76,4,130.342
2019-05-26 16:00:00,4903.0,4962.95,4,110.226
2019-05-27 16:00:00,4888.8,4955.49,4,122.802
2019-05-28 16:00:00,4866.0,4956.86,4,167.263
2019-05-29 16:00:00,4868.6,4926.4,4,107.061
2019-05-30 16:00:00,4808.8,4912.0,4,191.714
2019-06-02 16:00:00,4788.0,4853.82,4,123.739
2019-06-03 16:00:00,4746.8,4795.41,4,92.498
2019-06-04 16:00:00,4721.8,4783.82,4,118.301
2019-06-05 16:00:00,4611.8,4678.78,4,130.631
2019-06-09 16:00:00,4658.0,4725.26,4,129.887
2019-06-10 16:00:00,4876.6,4901.47,4,46.3
2019-06-11 16:00:00,4816.4,4863.49,4,88.351
2019-06-12 16:00:00,4838.6,4877.65,4,73.054
2019-06-13 16:00:00,4769.2,4795.53,4,50.101
2019-06-16 16:00:00,4792.8,4802.82,4,19.037
2019-06-17 16:00:00,4790.8,4797.15,4,12.079
2019-06-18 16:00:00,4855.0,4858.92,4,7.362
2019-06-19 16:00:00,4901.8,4954.73,4,97.48
2019-06-20 16:00:00,4975.0,5021.31,4,84.157
2019-06-23 16:00:00,4974.6,5024.2,4,90.084
2019-06-24 16:00:00,4920.8,4974.99,4,99.394
2019-06-25 16:00:00,4916.2,4962.59,4,85.3
2019-06-26 16:00:00,4957.2,5007.48,4,91.624
2019-06-27 16:00:00,4920.0,4950.48,4,56.182
2019-06-30 16:00:00,5050.0,5100.26,4,89.921
2019-07-01 16:00:00,5033.4,5084.41,4,91.548
2019-07-02 16:00:00,5004.6,5040.72,4,65.386
2019-07-03 16:00:00,4984.0,5025.02,4,74.489
2019-07-04 16:00:00,5017.0,5042.66,4,46.433
2019-07-07 16:00:00,4821.6,4870.78,4,92.135
2019-07-08 16:00:00,4829.4,4881.62,4,97.613
2019-07-09 16:00:00,4809.8,4843.86,4,64.163
2019-07-10 16:00:00,4800.6,4844.55,4,82.782
2019-07-11 16:00:00,4843.0,4861.57,4,34.855
2019-07-14 16:00:00,4906.0,4925.32,4,35.794
2019-07-15 16:00:00,4921.2,4932.05,4,20.074
2019-07-16 16:00:00,4911.4,4929.09,4,32.749
2019-07-17 16:00:00,4848.2,4844.11,4,-7.704
2019-07-18 16:00:00,4823.4,4878.69,4,103.413
2019-07-21 16:00:00,4733.2,4776.57,4,82.853
2019-07-22 16:00:00,4776.4,4823.92,4,89.89
2019-07-23 16:00:00,4820.4,4873.03,4,98.552
2019-07-24 16:00:00,4846.4,4891.64,4,84.392
2019-07-25 16:00:00,4859.2,4898.11,4,72.488
2019-07-28 16:00:00,4844.0,4897.02,4,98.796
2019-07-29 16:00:00,4877.6,4922.92,4,84.004
2019-07-30 16:00:00,4874.0,4903.2,4,54.342
2019-07-31 16:00:00,4841.0,4870.47,4,55.213
2019-08-01 16:00:00,4779.2,4809.92,4,58.28
2019-08-04 16:00:00,4725.0,4751.98,4,51.808
2019-08-05 16:00:00,4626.8,4650.56,4,46.62
2019-08-06 16:00:00,4591.6,4626.36,4,68.56
2019-08-07 16:00:00,4616.6,4656.1,4,77.412
2019-08-08 16:00:00,4570.6,4600.35,4,59.01
2019-08-11 16:00:00,4665.8,4685.05,4,37.493
2019-08-12 16:00:00,4646.8,4658.39,4,22.703
2019-08-13 16:00:00,4672.0,4683.84,4,23.067
2019-08-14 16:00:00,4652.6,4706.55,4,104.598
2019-08-15 16:00:00,4664.8,4722.66,4,111.796
2019-08-18 16:00:00,4853.8,4875.04,4,39.757
2019-08-19 16:00:00,4831.8,4872.61,4,76.425
2019-08-20 16:00:00,4842.8,4882.72,4,74.604
2019-08-21 16:00:00,4837.2,4887.91,4,94.668
2019-08-22 16:00:00,4841.8,4887.9,4,86.062
2019-08-25 16:00:00,4815.0,4855.46,4,76.038
2019-08-26 16:00:00,4874.4,4936.12,4,114.097
2019-08-27 16:00:00,4885.8,4928.19,4,78.489
2019-08-28 16:00:00,4891.2,4934.18,4,79.485
2019-08-29 16:00:00,4859.0,4886.49,4,51.335
2019-09-01 16:00:00,4977.4,5008.3,4,56.299
2019-09-02 16:00:00,5004.0,5044.18,4,72.686
2019-09-03 16:00:00,5098.0,5093.27,4,-8.474
2019-09-04 16:00:00,5125.8,5138.41,4,22.393
2019-09-05 16:00:00,5151.4,5154.64,4,5.736
2019-09-08 16:00:00,5248.6,5263.46,4,25.762
2019-09-09 16:00:00,5236.4,5245.31,4,15.5
2019-09-10 16:00:00,5218.0,5217.29,4,-1.242
2019-09-11 16:00:00,5240.2,5242.61,4,4.195
2019-09-15 16:00:00,5237.4,5250.34,4,22.489
2019-09-16 16:00:00,5130.0,5140.45,4,18.55
2019-09-17 16:00:00,5130.8,5141.04,4,18.175
2019-09-18 16:00:00,5150.6,5191.67,4,72.186
2019-09-19 16:00:00,5147.4,5204.48,4,100.078
2019-09-22 16:00:00,5139.4,5171.48,4,56.605
2019-09-23 16:00:00,5127.2,5180.74,4,94.302
2019-09-24 16:00:00,5047.6,5087.01,4,70.693
2019-09-25 16:00:00,4953.2,4970.24,4,31.284
2019-09-26 16:00:00,4978.6,5005.63,4,49.274
2019-09-29 16:00:00,4894.0,4940.9,4,86.616
2019-10-07 16:00:00,4916.6,4941.76,4,46.458
2019-10-08 16:00:00,4959.8,4982.95,4,42.393
2019-10-09 16:00:00,5023.2,5046.36,4,41.879
2019-10-10 16:00:00,5055.6,5055.52,4,-0.144
2019-10-13 16:00:00,5103.0,5131.13,4,50.025
2019-10-14 16:00:00,5051.8,5061.0,4,16.588
2019-10-15 16:00:00,5021.0,5038.36,4,31.441
2019-10-16 16:00:00,5028.2,5029.85,4,2.993
2019-10-17 16:00:00,4893.2,4961.81,4,126.177
2019-10-20 16:00:00,4902.6,4951.04,4,89.277
2019-10-21 16:00:00,4954.8,5005.55,4,92.516
2019-10-22 16:00:00,4923.0,4967.19,4,81.179
2019-10-23 16:00:00,4924.0,4958.25,4,63.033
2019-10-24 16:00:00,4974.2,4994.57,4,37.216
2019-10-27 16:00:00,5046.4,5084.47,4,68.323
2019-10-28 16:00:00,4979.6,5007.71,4,51.222
2019-10-29 16:00:00,4916.0,4947.9,4,58.831
2019-10-30 16:00:00,4892.8,4917.42,4,45.686
2019-10-31 16:00:00,4948.2,4962.35,4,26.02
2019-11-03 16:00:00,4957.8,4987.84,4,54.957
2019-11-04 16:00:00,4998.2,5025.3,4,49.209
2019-11-05 16:00:00,4955.4,4974.73,4,35.456
2019-11-06 16:00:00,4990.4,5007.07,4,30.38
2019-11-07 16:00:00,4970.8,4988.29,4,31.994
2019-11-10 16:00:00,4862.0,4876.16,4,26.498
2019-11-11 16:00:00,4867.4,4881.61,4,26.562
2019-11-12 16:00:00,4872.2,4875.54,4,6.251
2019-11-13 16:00:00,4839.2,4912.11,4,135.442
2019-11-14 16:00:00,4820.4,4868.44,4,90.042
2019-11-17 16:00:00,4855.0,4892.46,4,69.867
2019-11-18 16:00:00,4943.6,4975.11,4,57.793
2019-11-19 16:00:00,4900.4,4946.28,4,84.64
2019-11-20 16:00:00,4917.0,4945.72,4,52.989
2019-11-21 16:00:00,4853.0,4904.08,4,95.044
2019-11-24 16:00:00,4874.4,4901.5,4,50.451
2019-11-25 16:00:00,4853.2,4882.16,4,54.128
2019-11-26 16:00:00,4880.2,4904.26,4,44.767
2019-11-27 16:00:00,4875.8,4889.26,4,25.121
2019-11-28 16:00:00,4881.0,4894.94,4,25.987
2019-12-01 16:00:00,4896.0,4905.42,4,17.523
2019-12-02 16:00:00,4924.8,4926.45,4,3.056
2019-12-03 16:00:00,4911.8,4920.67,4,16.449
2019-12-04 16:00:00,4960.2,4967.6,4,13.593
2019-12-05 16:00:00,5015.6,5010.51,4,-9.27
2019-12-08 16:00:00,5025.6,5024.6,4,-1.816
2019-12-09 16:00:00,5050.2,5049.05,4,-2.078
2019-12-10 16:00:00,5031.6,5027.28,4,-7.841
2019-12-11 16:00:00,5017.8,5012.0,4,-10.56
2019-12-12 16:00:00,5093.0,5073.69,4,-34.729
2019-12-15 16:00:00,5164.4,5166.04,4,2.897
2019-12-16 16:00:00,5245.0,5236.06,4,-15.58
2019-12-17 16:00:00,5244.4,5235.12,4,-16.175
2019-12-18 16:00:00,5251.0,5241.74,4,-16.12
2019-12-19 16:00:00,5204.6,5184.68,4,-35.059
2019-12-22 16:00:00,5074.2,5084.35,4,18.216
2019-12-23 16:00:00,5143.2,5162.07,4,33.357
2019-12-24 16:00:00,5167.8,5183.1,4,26.936
2019-12-25 16:00:00,5202.8,5219.14,4,28.568
2019-12-26 16:00:00,5163.6,5179.19,4,27.467
2019-12-29 16:00:00,5245.0,5241.94,4,-5.327
2019-12-30 16:00:00,5269.8,5267.66,4,-3.707
2020-01-01 16:00:00,5361.8,5366.14,4,7.38
2020-01-02 16:00:00,5378.0,5380.64,4,4.477
2020-01-05 16:00:00,5433.0,5434.85,4,3.106
2020-01-06 16:00:00,5501.0,5499.84,4,-1.925
2020-01-07 16:00:00,5433.6,5423.8,4,-16.488
2020-01-08 16:00:00,5498.0,5497.54,4,-0.764
2020-01-09 16:00:00,5468.0,5480.23,4,20.364
2020-01-12 16:00:00,5571.2,5559.63,4,-18.99
2020-01-13 16:00:00,5543.6,5542.33,4,-2.091
2020-01-14 16:00:00,5523.6,5530.03,4,10.61
2020-01-15 16:00:00,5538.4,5527.67,4,-17.713
2020-01-16 16:00:00,5501.2,5510.05,4,14.656
2020-01-19 16:00:00,5598.8,5587.54,4,-18.389
2020-01-20 16:00:00,5516.6,5523.94,4,12.125
2020-01-21 16:00:00,5580.8,5575.51,4,-8.658
2020-01-22 16:00:00,5346.4,5377.74,4,53.178
2020-02-02 16:00:00,4805.4,4910.9,4,196.031
2020-02-03 16:00:00,4953.0,4996.47,4,79.389
2020-02-04 16:00:00,5064.4,5123.96,4,106.067
2020-02-05 16:00:00,5250.4,5282.89,4,56.119
2020-02-06 16:00:00,5300.4,5327.04,4,45.633
2020-02-09 16:00:00,5326.4,5388.43,4,105.044
2020-02-10 16:00:00,5316.4,5361.28,4,76.387
2020-02-11 16:00:00,5437.0,5459.95,4,38.355
2020-02-12 16:00:00,5392.0,5412.84,4,35.132
2020-02-13 16:00:00,5405.6,5420.8,4,25.587
2020-02-16 16:00:00,5595.6,5594.44,4,-1.892
2020-02-17 16:00:00,5628.6,5660.81,4,51.921
2020-02-18 16:00:00,5570.2,5603.26,4,53.839
2020-02-19 16:00:00,5667.8,5706.71,4,62.217
2020-02-20 16:00:00,5775.0,5784.03,4,14.246
2020-02-23 16:00:00,5806.0,5865.47,4,92.518
2020-02-24 16:00:00,5852.6,5897.72,4,69.81
2020-02-25 16:00:00,5715.4,5743.39,4,44.47
2020-02-26 16:00:00,5710.0,5753.73,4,69.353
2020-02-27 16:00:00,5383.0,5451.29,4,114.312
2020-03-01 16:00:00,5598.6,5656.42,4,93.276
2020-03-02 16:00:00,5620.4,5710.02,4,143.219
2020-03-03 16:00:00,5658.4,5716.51,4,92.758
2020-03-04 16:00:00,5728.6,5801.12,4,114.072
2020-03-05 16:00:00,5681.0,5763.86,4,131.179
2020-03-08 16:00:00,5468.4,5525.82,4,94.82
2020-03-09 16:00:00,5635.2,5675.11,4,64.171
2020-03-10 16:00:00,5525.0,5589.53,4,105.346
2020-03-11 16:00:00,5477.0,5493.88,4,28.037
2020-03-12 16:00:00,5447.0,5457.2,4,17.055
2020-03-15 16:00:00,5148.8,5200.11,4,90.037
2020-03-16 16:00:00,5165.4,5212.06,4,81.69
2020-03-17 16:00:00,5087.4,5119.47,4,57.162
2020-03-18 16:00:00,5099.6,5157.82,4,103.0
2020-03-19 16:00:00,5166.8,5219.28,4,91.752
2020-03-22 16:00:00,4964.2,4998.91,4,63.36
2020-03-23 16:00:00,5030.0,5096.04,4,118.252
2020-03-24 16:00:00,5141.6,5217.42,4,132.605
2020-03-25 16:00:00,5089.0,5166.11,4,136.201
2020-03-26 16:00:00,5053.6,5137.34,4,148.74
2020-03-29 16:00:00,4975.2,5027.49,4,94.907
2020-03-30 16:00:00,4958.8,5041.45,4,149.596
2020-03-31 16:00:00,4950.4,5019.22,4,125.116
2020-04-01 16:00:00,5130.4,5147.2,4,29.783
2020-04-02 16:00:00,5061.6,5107.04,4,81.19
2020-04-06 16:00:00,5213.0,5267.07,4,93.674
2020-04-07 16:00:00,5229.2,5271.8,4,73.737
2020-04-08 16:00:00,5273.2,5322.46,4,84.453
2020-04-09 16:00:00,5195.8,5208.51,4,22.267
2020-04-12 16:00:00,5139.8,5169.18,4,51.864
2020-04-13 16:00:00,5262.0,5288.59,4,45.879
2020-04-14 16:00:00,5251.4,5268.75,4,30.049
2020-04-15 16:00:00,5308.4,5316.97,4,14.708
2020-04-16 16:00:00,5251.8,5318.45,4,114.353
2020-04-19 16:00:00,5295.2,5381.79,4,146.816
2020-04-20 16:00:00,5255.8,5343.88,4,150.402
2020-04-21 16:00:00,5319.0,5387.62,4,116.222
2020-04-22 16:00:00,5282.6,5357.79,4,128.058
2020-04-23 16:00:00,5216.2,5273.55,4,99.235
2020-04-26 16:00:00,5202.8,5265.72,4,109.034
2020-04-27 16:00:00,5162.2,5227.85,4,114.589
2020-04-28 16:00:00,5188.2,5226.81,4,67.406
2020-04-29 16:00:00,5332.0,5353.86,4,37.258
2020-05-05 16:00:00,5413.6,5451.32,4,63.14
2020-05-06 16:00:00,5402.6,5445.75,4,72.303
2020-05-07 16:00:00,5479.8,5507.7,4,46.224
2020-05-10 16:00:00,5468.2,5496.19,4,46.47
2020-05-11 16:00:00,5486.0,5512.46,4,43.8
2020-05-12 16:00:00,5519.0,5536.28,4,28.481
2020-05-13 16:00:00,5408.6,5487.11,4,130.561
2020-05-14 16:00:00,5404.6,5507.93,4,171.187
2020-05-17 16:00:00,5389.4,5478.82,4,148.929
2020-05-18 16:00:00,5454.2,5547.88,4,154.082
2020-05-19 16:00:00,5410.2,5489.7,4,132.145
2020-05-20 16:00:00,5343.2,5426.17,4,139.528
2020-05-21 16:00:00,5267.8,5328.23,4,103.491
2020-05-24 16:00:00,5254.6,5316.6,4,106.412
2020-05-25 16:00:00,5343.6,5420.21,4,128.974
2020-05-26 16:00:00,5301.4,5369.5,4,115.73
2020-05-27 16:00:00,5282.6,5361.17,4,133.73
2020-05-28 16:00:00,5318.8,5406.34,4,147.753
2020-05-31 16:00:00,5524.2,5569.48,4,74.186
2020-06-01 16:00:00,5523.0,5566.44,4,71.211
2020-06-02 16:00:00,5512.0,5572.31,4,98.761
2020-06-03 16:00:00,5517.4,5576.75,4,97.112
2020-06-04 16:00:00,5541.0,5585.42,4,72.57
2020-06-07 16:00:00,5522.2,5575.3,4,86.908
2020-06-08 16:00:00,5559.2,5610.38,4,83.242
2020-06-09 16:00:00,5563.4,5615.24,4,84.242
2020-06-10 16:00:00,5556.6,5589.1,4,53.061
2020-06-11 16:00:00,5578.2,5591.49,4,21.689
2020-06-14 16:00:00,5557.0,5590.64,4,54.907
2020-06-15 16:00:00,5678.8,5695.3,4,26.436
2020-06-16 16:00:00,5706.0,5735.42,4,46.807
2020-06-17 16:00:00,5659.6,5734.4,4,119.027
2020-06-18 16:00:00,5713.8,5787.15,4,115.656
2020-06-21 16:00:00,5711.4,5784.03,4,114.583
2020-06-22 16:00:00,5737.2,5804.34,4,105.551
2020-06-23 16:00:00,5744.2,5789.09,4,70.757
2020-06-28 16:00:00,5710.6,5762.44,4,82.09
2020-06-29 16:00:00,5802.4,5864.42,4,96.503
2020-06-30 16:00:00,5829.4,5881.89,4,81.432
2020-07-01 16:00:00,5954.2,5975.28,4,32.192
2020-07-02 16:00:00,6034.8,6051.51,4,25.197
2020-07-05 16:00:00,6305.2,6299.86,4,-7.735
2020-07-06 16:00:00,6400.4,6380.03,4,-29.134
2020-07-07 16:00:00,6515.8,6535.42,4,27.394
2020-07-08 16:00:00,6707.6,6693.75,4,-18.88
2020-07-09 16:00:00,6689.2,6676.44,4,-17.44
2020-07-12 16:00:00,6898.6,6899.52,4,1.217
2020-07-13 16:00:00,6791.0,6807.73,4,22.425
2020-07-14 16:00:00,6635.0,6638.84,4,5.278
2020-07-15 16:00:00,6265.8,6320.0,4,78.256
2020-07-16 16:00:00,6301.0,6344.59,4,62.693
2020-07-19 16:00:00,6446.0,6526.83,4,113.006
2020-07-20 16:00:00,6491.4,6563.32,4,99.991
2020-07-21 16:00:00,6539.0,6620.69,4,112.59
2020-07-22 16:00:00,6548.0,6620.09,4,99.367
2020-07-23 16:00:00,6204.0,6283.98,4,116.139
2020-07-26 16:00:00,6207.6,6298.74,4,132.035
2020-07-27 16:00:00,6252.0,6359.66,4,154.473
2020-07-28 16:00:00,6501.4,6530.27,4,40.341
2020-07-29 16:00:00,6453.0,6511.44,4,81.897
2020-07-30 16:00:00,6516.0,6579.67,4,88.301
2020-08-02 16:00:00,6668.4,6739.81,4,96.682
2020-08-03 16:00:00,6634.4,6697.71,4,86.254
2020-08-04 16:00:00,6683.0,6772.84,4,121.041
2020-08-05 16:00:00,6693.8,6770.3,4,103.107
2020-08-06 16:00:00,6622.2,6688.88,4,90.965
2020-08-09 16:00:00,6663.4,6725.3,4,83.987
2020-08-10 16:00:00,6521.0,6600.85,4,110.384
2020-08-11 16:00:00,6447.6,6528.4,4,112.937
2020-08-12 16:00:00,6475.6,6552.66,4,107.311
2020-08-13 16:00:00,6630.4,6623.56,4,-9.423
2020-08-16 16:00:00,6713.0,6744.55,4,42.685
2020-08-17 16:00:00,6746.6,6789.4,4,57.523
2020-08-18 16:00:00,6639.8,6666.27,4,36.233
2020-08-19 16:00:00,6495.8,6593.78,4,135.593
2020-08-20 16:00:00,6522.2,6643.94,4,167.202
2020-08-23 16:00:00,6543.4,6688.96,4,198.571
2020-08-24 16:00:00,6523.6,6652.55,4,176.875
2020-08-25 16:00:00,6436.0,6525.88,4,125.677
2020-08-26 16:00:00,6509.4,6578.79,4,96.246
2020-08-27 16:00:00,6660.0,6691.21,4,42.562
2020-08-30 16:00:00,6590.0,6668.43,4,107.323
2020-08-31 16:00:00,6655.2,6710.46,4,75.144
2020-09-01 16:00:00,6619.0,6717.56,4,133.882
2020-09-02 16:00:00,6596.0,6662.25,4,90.74
2020-09-03 16:00:00,6578.8,6618.58,4,54.844
2020-09-06 16:00:00,6421.0,6478.81,4,81.422
2020-09-07 16:00:00,6491.0,6525.1,4,47.687
2020-09-08 16:00:00,6326.0,6349.22,4,33.371
2020-09-09 16:00:00,6222.0,6235.57,4,19.858
2020-09-10 16:00:00,6280.0,6311.97,4,46.218
2020-09-13 16:00:00,6332.6,6351.24,4,26.781
2020-09-14 16:00:00,6366.2,6387.88,4,30.97
2020-09-15 16:00:00,6353.6,6353.84,4,0.345
2020-09-16 16:00:00,6291.8,6367.02,4,107.803
2020-09-17 16:00:00,6437.6,6469.47,4,44.952
2020-09-20 16:00:00,6373.8,6445.96,4,102.151
2020-09-21 16:00:00,6292.2,6358.65,4,95.359
2020-09-22 16:00:00,6323.0,6392.03,4,98.544
2020-09-23 16:00:00,6190.2,6244.64,4,79.551
2020-09-24 16:00:00,6209.6,6236.89,4,39.927
2020-09-27 16:00:00,6157.2,6178.47,4,31.414
2020-09-28 16:00:00,6213.4,6228.77,4,22.517
2020-09-29 16:00:00,6163.0,6192.5,4,43.47
2020-10-08 16:00:00,6332.6,6357.97,4,36.411
2020-10-11 16:00:00,6539.8,6541.18,4,1.925
2020-10-12 16:00:00,6531.0,6538.84,4,10.941
2020-10-13 16:00:00,6522.2,6547.84,3,47.642
2020-10-14 16:00:00,6514.0,6511.07,2,-8.213
2020-10-15 16:00:00,6398.0,6456.74,36,9.224
2020-10-18 16:00:00,6405.0,6466.57,35,9.929
2020-10-19 16:00:00,6276.0,6349.64,32,13.228
2020-10-20 16:00:00,6354.0,6426.19,31,13.227
2020-10-21 16:00:00,6257.6,6331.8,30,14.258
2020-10-22 16:00:00,6258.2,6312.01,29,10.73
2020-10-25 16:00:00,6134.2,6195.35,28,12.867
2020-10-26 16:00:00,6161.4,6187.47,25,6.151
2020-10-27 16:00:00,6170.0,6221.74,24,12.647
2020-10-28 16:00:00,6152.0,6168.91,23,4.35
2020-10-29 16:00:00,6258.8,6272.93,22,3.737
2020-11-01 16:00:00,6094.8,6119.45,21,7.001
2020-11-02 16:00:00,6140.0,6175.16,18,11.546
2020-11-03 16:00:00,6210.0,6246.64,17,12.594
2020-11-04 16:00:00,6270.0,6294.61,16,8.919
2020-11-05 16:00:00,6343.8,6366.19,15,8.558
2020-11-08 16:00:00,6347.2,6337.44,14,-4.015
2020-11-09 16:00:00,6383.8,6434.43,11,26.109
2020-11-10 16:00:00,6325.2,6356.37,10,17.899
2020-11-11 16:00:00,6291.6,6305.07,9,8.664
2020-11-12 16:00:00,6272.0,6304.46,8,23.491
2020-11-15 16:00:00,6323.8,6319.7,7,-3.383
2020-11-16 16:00:00,6350.2,6380.77,4,43.717
2020-11-17 16:00:00,6334.6,6333.45,3,-2.209
2020-11-18 16:00:00,6255.2,6328.08,30,14.012
2020-11-19 16:00:00,6313.0,6354.79,29,8.277
2020-11-22 16:00:00,6400.0,6435.92,28,7.275
2020-11-23 16:00:00,6428.2,6472.75,25,10.049
2020-11-24 16:00:00,6449.2,6489.26,24,9.389
2020-11-25 16:00:00,6326.4,6349.86,23,5.863
2020-11-26 16:00:00,6309.8,6337.38,22,7.22
2020-11-29 16:00:00,6343.8,6360.46,21,4.553
2020-11-30 16:00:00,6302.8,6307.85,18,1.623
2020-12-01 16:00:00,6418.4,6437.96,17,6.523
2020-12-02 16:00:00,6394.4,6437.38,16,15.231
2020-12-03 16:00:00,6406.0,6426.03,15,7.585
2020-12-06 16:00:00,6462.6,6465.99,14,1.367
2020-12-07 16:00:00,6403.6,6424.16,11,10.62
2020-12-08 16:00:00,6410.8,6430.48,10,11.171
2020-12-09 16:00:00,6291.0,6295.35,9,2.802
2020-12-10 16:00:00,6328.0,6328.83,8,0.598
2020-12-13 16:00:00,6198.0,6207.83,7,8.257
2020-12-14 16:00:00,6238.4,6250.1,4,17.082
2020-12-15 16:00:00,6259.8,6268.21,3,16.324
2020-12-16 16:00:00,6229.8,6225.08,2,-13.838
2020-12-17 16:00:00,6274.8,6310.16,29,7.053
2020-12-20 16:00:00,6248.4,6302.26,28,11.141
2020-12-21 16:00:00,6334.0,6372.88,25,8.907
2020-12-22 16:00:00,6245.0,6255.35,24,2.516
2020-12-23 16:00:00,6270.8,6308.48,23,9.479
2020-12-24 16:00:00,6172.2,6190.99,22,5.035
2020-12-27 16:00:00,6262.0,6283.78,21,6.024
2020-12-28 16:00:00,6216.0,6240.74,18,8.039
2020-12-29 16:00:00,6197.6,6196.45,17,-0.398
2020-12-30 16:00:00,6273.0,6282.96,16,3.616
2021-01-03 16:00:00,6381.2,6395.61,14,5.874
2021-01-04 16:00:00,6434.6,6470.25,11,18.283
2021-01-05 16:00:00,6487.8,6549.73,10,34.512
2021-01-06 16:00:00,6485.0,6523.68,9,24.046
2021-01-07 16:00:00,6525.4,6541.56,8,11.271
2021-01-10 16:00:00,6558.6,6557.45,7,-0.914
2021-01-11 16:00:00,6437.0,6425.81,4,-15.89
2021-01-12 16:00:00,6516.6,6550.03,3,62.096
2021-01-13 16:00:00,6463.2,6471.79,2,24.223
2021-01-14 16:00:00,6405.0,6427.13,36,3.491
2021-01-17 16:00:00,6359.0,6414.83,35,9.076
2021-01-18 16:00:00,6443.6,6510.48,32,11.717
2021-01-19 16:00:00,6410.0,6477.67,31,12.3
2021-01-20 16:00:00,6496.6,6552.03,30,10.293
2021-01-21 16:00:00,6564.4,6619.86,29,10.544
2021-01-24 16:00:00,6564.2,6636.22,28,14.147
2021-01-25 16:00:00,6543.0,6621.15,25,17.233
2021-01-26 16:00:00,6493.4,6527.68,24,7.987
2021-01-27 16:00:00,6428.0,6475.86,23,11.728
2021-01-28 16:00:00,6415.0,6448.67,22,8.662
2021-01-31 16:00:00,6322.0,6338.64,21,4.563
2021-02-01 16:00:00,6371.0,6404.85,18,10.717
2021-02-02 16:00:00,6408.0,6459.66,17,17.171
2021-02-03 16:00:00,6366.6,6375.67,16,3.245
2021-02-04 16:00:00,6330.2,6343.83,15,5.228
2021-02-07 16:00:00,6248.0,6247.92,14,-0.033
2021-02-08 16:00:00,6332.4,6334.42,11,1.058
2021-02-09 16:00:00,6450.8,6474.75,10,13.501
2021-02-17 16:00:00,6630.0,6657.31,2,74.866
2021-02-18 16:00:00,6501.4,6600.25,29,18.85
2021-02-21 16:00:00,6660.0,6731.51,28,13.848
2021-02-22 16:00:00,6568.6,6613.6,25,9.934
2021-02-23 16:00:00,6585.6,6633.28,24,10.932
2021-02-24 16:00:00,6561.4,6600.21,23,9.331
2021-02-25 16:00:00,6399.6,6365.74,22,-8.825
2021-02-28 16:00:00,6371.4,6407.16,21,9.701
2021-03-01 16:00:00,6444.0,6514.02,18,21.797
2021-03-02 16:00:00,6379.6,6426.04,17,15.516
2021-03-03 16:00:00,6426.2,6482.79,16,19.914
2021-03-04 16:00:00,6322.2,6325.75,15,1.366
2021-03-07 16:00:00,6432.0,6453.78,14,8.798
2021-03-08 16:00:00,6227.6,6235.31,11,4.103
2021-03-09 16:00:00,6171.6,6164.77,10,-4.044
2021-03-10 16:00:00,6062.8,6074.33,9,7.698
2021-03-11 16:00:00,6214.6,6231.48,8,12.359
2021-03-14 16:00:00,6199.0,6192.3,7,-5.642
2021-03-15 16:00:00,6180.0,6176.07,4,-5.806
2021-03-16 16:00:00,6164.6,6180.89,3,32.066
2021-03-17 16:00:00,6218.8,6231.19,2,36.288
2021-03-18 16:00:00,6145.0,6195.25,29,10.209
2021-03-21 16:00:00,6174.8,6208.93,28,7.166
2021-03-22 16:00:00,6249.0,6307.98,25,13.651
2021-03-23 16:00:00,6159.2,6180.31,24,5.195
2021-03-24 16:00:00,6110.4,6118.87,23,2.197
2021-03-25 16:00:00,6168.0,6164.82,22,-0.856
2021-03-28 16:00:00,6235.0,6270.0,21,9.702
2021-03-29 16:00:00,6210.0,6239.47,18,9.578
2021-03-30 16:00:00,6242.0,6277.7,17,12.21
2021-03-31 16:00:00,6244.4,6259.41,16,5.47
2021-04-01 16:00:00,6290.0,6316.56,15,10.232
2021-04-05 16:00:00,6317.8,6345.89,11,14.688
2021-04-06 16:00:00,6317.6,6350.38,10,18.841
2021-04-07 16:00:00,6301.4,6332.93,9,20.192
2021-04-08 16:00:00,6328.0,6345.29,8,12.432
2021-04-11 16:00:00,6315.0,6325.26,7,8.458
2021-04-12 16:00:00,6219.8,6210.22,4,-14.076
2021-04-13 16:00:00,6220.6,6206.64,3,-27.365
2021-04-14 16:00:00,6208.0,6263.63,37,8.761
2021-04-15 16:00:00,6229.0,6283.86,36,8.852
2021-04-18 16:00:00,6312.2,6331.71,35,3.213
2021-04-19 16:00:00,6383.0,6419.73,32,6.526
2021-04-20 16:00:00,6382.0,6396.27,31,2.627
2021-04-21 16:00:00,6411.6,6444.28,30,6.17
2021-04-22 16:00:00,6402.6,6445.52,29,8.381
2021-04-25 16:00:00,6455.4,6480.3,28,5.009
2021-04-26 16:00:00,6428.0,6434.61,25,1.5
2021-04-27 16:00:00,6412.0,6433.1,24,4.988
2021-04-28 16:00:00,6471.0,6495.65,23,6.022
2021-04-29 16:00:00,6457.0,6470.35,22,3.423
2021-05-05 16:00:00,6493.0,6503.6,16,3.718
2021-05-06 16:00:00,6473.2,6505.58,15,12.111
2021-05-09 16:00:00,6446.8,6461.42,14,5.899
2021-05-10 16:00:00,6404.4,6436.29,11,16.441
2021-05-11 16:00:00,6431.2,6434.91,10,2.104
2021-05-12 16:00:00,6453.2,6448.96,9,-2.666
2021-05-13 16:00:00,6451.4,6454.68,8,2.318
2021-05-16 16:00:00,6529.4,6521.89,7,-6.004
2021-05-17 16:00:00,6578.8,6578.97,4,0.236
2021-05-18 16:00:00,6577.8,6582.1,3,7.948
2021-05-19 16:00:00,6520.2,6541.09,30,3.886
2021-05-20 16:00:00,6540.0,6557.49,29,3.357
2021-05-23 16:00:00,6488.2,6515.83,28,5.528
2021-05-24 16:00:00,6519.0,6549.34,25,6.763
2021-05-25 16:00:00,6602.4,6631.37,24,6.644
2021-05-26 16:00:00,6600.0,6629.24,23,7.0
2021-05-27 16:00:00,6657.0,6699.28,22,10.471
2021-05-30 16:00:00,6655.0,6681.55,21,6.907
2021-05-31 16:00:00,6670.4,6718.64,18,14.559
2021-06-01 16:00:00,6675.0,6740.5,17,20.864
2021-06-02 16:00:00,6641.6,6680.1,16,13.148
2021-06-03 16:00:00,6597.8,6642.06,15,16.215
2021-06-06 16:00:00,6680.0,6705.74,14,10.008
2021-06-07 16:00:00,6665.0,6726.09,11,30.138
2021-06-08 16:00:00,6642.6,6677.14,10,18.881
2021-06-09 16:00:00,6655.2,6688.82,9,20.384
2021-06-10 16:00:00,6758.8,6773.64,8,9.996
2021-06-14 16:00:00,6735.0,6734.1,4,-1.22
2021-06-15 16:00:00,6652.6,6659.49,3,12.588
2021-06-16 16:00:00,6517.0,6554.3,30,6.924
2021-06-17 16:00:00,6558.4,6610.27,29,9.876
2021-06-20 16:00:00,6605.6,6652.65,28,9.219
2021-06-21 16:00:00,6663.4,6723.3,25,13.008
2021-06-22 16:00:00,6677.0,6741.58,24,14.569
2021-06-23 16:00:00,6748.0,6791.86,23,10.248
2021-06-24 16:00:00,6731.8,6748.87,22,4.196
2021-06-27 16:00:00,6798.6,6814.32,21,4.01
2021-06-28 16:00:00,6799.0,6833.06,18,10.108
2021-06-29 16:00:00,6751.6,6767.74,17,5.12
2021-06-30 16:00:00,6780.6,6827.7,16,15.737
2021-07-01 16:00:00,6680.0,6701.06,15,7.647
2021-07-04 16:00:00,6656.8,6670.13,14,5.21
2021-07-05 16:00:00,6687.4,6727.97,11,20.009
2021-07-06 16:00:00,6635.8,6661.85,10,14.273
2021-07-07 16:00:00,6750.0,6774.84,9,14.87
2021-07-08 16:00:00,6708.2,6721.61,8,9.102
2021-07-11 16:00:00,6810.8,6852.48,7,31.716
2021-07-12 16:00:00,6868.8,6901.81,4,43.643
2021-07-13 16:00:00,6930.8,6953.82,3,40.277
2021-07-14 16:00:00,6844.4,6874.8,37,4.362
2021-07-15 16:00:00,6873.2,6931.05,36,8.462
2021-07-18 16:00:00,6878.6,6912.1,35,5.054
2021-07-19 16:00:00,6814.4,6831.05,32,2.78
2021-07-20 16:00:00,6893.0,6923.61,31,5.205
2021-07-21 16:00:00,6950.0,6996.26,30,8.045
2021-07-22 16:00:00,6981.8,7036.3,29,9.749
2021-07-25 16:00:00,6940.2,6974.11,28,6.338
2021-07-26 16:00:00,6841.0,6877.44,25,7.736
2021-07-27 16:00:00,6731.6,6650.15,24,-18.627
2021-07-28 16:00:00,6709.8,6720.62,23,2.555
2021-07-29 16:00:00,6718.0,6739.75,22,5.354
2021-08-01 16:00:00,6755.0,6756.81,21,0.466
2021-08-02 16:00:00,6814.6,6844.37,18,8.82
2021-08-03 16:00:00,6797.4,6814.08,17,5.256
2021-08-04 16:00:00,6858.0,6920.94,16,20.746
2021-08-05 16:00:00,6881.0,6929.02,15,16.864
2021-08-08 16:00:00,6875.0,6914.32,14,14.826
2021-08-09 16:00:00,6908.6,6970.83,11,29.622
2021-08-10 16:00:00,6967.2,7024.77,10,29.913
2021-08-11 16:00:00,6984.0,7059.47,9,43.356
2021-08-12 16:00:00,7028.8,7070.47,8,26.889
2021-08-15 16:00:00,7074.8,7087.58,7,9.402
2021-08-16 16:00:00,7038.2,7045.75,4,9.778
2021-08-17 16:00:00,6895.2,6883.27,3,-21.087
2021-08-18 16:00:00,6854.8,6917.51,30,11.03
2021-08-19 16:00:00,6875.0,6915.02,29,7.284
2021-08-22 16:00:00,6892.0,6949.33,28,10.754
2021-08-23 16:00:00,6949.6,7031.65,25,17.036
2021-08-24 16:00:00,7028.4,7092.15,24,13.67
2021-08-25 16:00:00,7062.6,7151.53,23,19.734
2021-08-26 16:00:00,7038.8,7096.65,22,13.524
2021-08-29 16:00:00,7128.8,7202.63,21,17.816
2021-08-30 16:00:00,7124.6,7202.52,18,21.937
2021-08-31 16:00:00,7170.2,7271.03,17,29.774
2021-09-01 16:00:00,7099.4,7172.4,16,23.218
2021-09-02 16:00:00,7244.8,7335.7,15,30.153
2021-09-05 16:00:00,7225.4,7297.36,14,25.709
2021-09-06 16:00:00,7265.8,7360.38,11,42.638
2021-09-07 16:00:00,7447.4,7496.33,10,23.824
2021-09-08 16:00:00,7480.0,7534.98,9,29.592
2021-09-09 16:00:00,7551.2,7613.6,8,37.394
2021-09-12 16:00:00,7605.0,7613.54,7,5.849
2021-09-13 16:00:00,7575.0,7630.72,4,66.631
2021-09-14 16:00:00,7544.0,7535.25,3,-14.128
2021-09-15 16:00:00,7542.6,7616.88,30,11.865
2021-09-16 16:00:00,7355.4,7421.81,29,11.262
2021-09-21 16:00:00,7270.0,7305.08,24,7.303
2021-09-22 16:00:00,7437.4,7512.33,23,15.829
2021-09-23 16:00:00,7412.0,7490.56,22,17.4
2021-09-26 16:00:00,7393.8,7400.0,21,1.456
2021-09-27 16:00:00,7180.2,7158.62,18,-6.113
2021-09-28 16:00:00,7139.2,7142.76,17,1.07
2021-09-29 16:00:00,7066.4,7034.69,16,-10.283
2021-10-07 16:00:00,7168.2,7191.23,8,14.611
2021-10-10 16:00:00,7092.0,7102.88,7,7.987
2021-10-11 16:00:00,7065.0,7069.35,4,5.615
2021-10-12 16:00:00,6953.2,6957.73,3,7.921
2021-10-13 16:00:00,6922.2,6970.65,37,6.857
2021-10-14 16:00:00,6972.0,6996.12,36,3.496
2021-10-17 16:00:00,7010.0,7027.14,35,2.544
2021-10-18 16:00:00,7018.0,7060.77,32,6.909
2021-10-19 16:00:00,7040.8,7081.99,31,6.848
2021-10-20 16:00:00,7088.0,7127.64,30,6.766
2021-10-21 16:00:00,7051.0,7089.13,29,6.77
2021-10-24 16:00:00,7001.0,7019.02,28,3.347
2021-10-25 16:00:00,7078.2,7120.07,25,8.586
2021-10-26 16:00:00,7046.0,7093.12,24,10.103
2021-10-27 16:00:00,6988.2,7026.29,23,8.603
2021-10-28 16:00:00,6943.2,6955.85,22,3.017
2021-10-31 16:00:00,6996.4,7005.07,21,2.151
2021-11-01 16:00:00,7043.8,7061.0,18,4.939
2021-11-02 16:00:00,6981.6,6975.06,17,-2.013
2021-11-03 16:00:00,7025.0,7031.95,16,2.255
2021-11-04 16:00:00,7061.6,7071.08,15,3.262
2021-11-07 16:00:00,7003.2,6986.5,14,-6.232
2021-11-08 16:00:00,7043.0,7037.57,11,-2.56
2021-11-09 16:00:00,7053.8,7061.64,10,4.052
2021-11-10 16:00:00,7045.6,7048.86,9,1.876
2021-11-11 16:00:00,7119.0,7118.99,8,-0.006
2021-11-14 16:00:00,7175.0,7166.04,7,-6.52
2021-11-15 16:00:00,7093.2,7083.92,4,-11.954
2021-11-16 16:00:00,7053.8,7043.63,3,-17.567
2021-11-17 16:00:00,7065.0,7108.78,30,7.493
2021-11-18 16:00:00,7058.4,7083.01,29,4.373
2021-11-21 16:00:00,7176.8,7177.4,28,0.109
2021-11-22 16:00:00,7209.2,7245.95,25,7.405
2021-11-23 16:00:00,7225.2,7260.22,24,7.336
2021-11-24 16:00:00,7226.6,7262.79,23,7.908
2021-11-25 16:00:00,7201.2,7216.64,22,3.55
2021-11-28 16:00:00,7137.6,7129.94,21,-1.867
2021-11-29 16:00:00,7235.2,7252.33,18,4.79
2021-11-30 16:00:00,7216.2,7239.13,17,6.801
2021-12-01 16:00:00,7252.0,7256.42,16,1.39
2021-12-02 16:00:00,7215.0,7233.57,15,6.247
2021-12-05 16:00:00,7287.0,7308.99,14,7.844
2021-12-06 16:00:00,7240.8,7274.13,11,15.204
2021-12-07 16:00:00,7193.0,7225.0,10,16.166
2021-12-08 16:00:00,7271.8,7298.8,9,15.002
2021-12-09 16:00:00,7288.4,7285.97,8,-1.522
2021-12-12 16:00:00,7345.6,7334.11,7,-8.169
2021-12-13 16:00:00,7324.4,7330.24,4,7.27
2021-12-14 16:00:00,7332.4,7319.66,3,-21.176
2021-12-15 16:00:00,7295.0,7323.41,37,3.827
2021-12-16 16:00:00,7353.0,7380.72,36,3.808
2021-12-19 16:00:00,7298.4,7290.95,35,-1.066
2021-12-20 16:00:00,7226.6,7190.97,32,-5.652
2021-12-21 16:00:00,7282.2,7289.91,31,1.245
2021-12-22 16:00:00,7301.2,7306.16,30,0.826
2021-12-23 16:00:00,7340.8,7336.0,29,-0.824
2021-12-26 16:00:00,7300.0,7269.37,28,-5.493
2021-12-27 16:00:00,7306.4,7281.0,25,-5.093
2021-12-28 16:00:00,7302.4,7275.67,24,-5.587
2021-12-29 16:00:00,7291.4,7246.03,23,-9.937
2021-12-30 16:00:00,7347.6,7320.94,22,-6.042
2022-01-03 16:00:00,7396.6,7387.81,18,-2.413
2022-01-04 16:00:00,7361.0,7343.9,17,-4.999
2022-01-05 16:00:00,7197.0,7187.95,16,-2.872
2022-01-06 16:00:00,7231.6,7232.41,15,0.273
2022-01-09 16:00:00,7181.2,7161.44,14,-7.194
2022-01-10 16:00:00,7191.6,7187.02,11,-2.115
2022-01-11 16:00:00,7175.6,7160.18,10,-7.861
2022-01-12 16:00:00,7209.2,7203.24,9,-3.356
2022-01-13 16:00:00,7087.4,7063.42,8,-15.489
2022-01-16 16:00:00,7093.2,7080.62,7,-9.264
2022-01-17 16:00:00,7164.8,7163.13,4,-2.127
2022-01-18 16:00:00,7162.4,7144.48,3,-30.517
2022-01-19 16:00:00,7133.0,7119.51,30,-2.305
2022-01-20 16:00:00,7075.4,7037.94,29,-6.699
2022-01-23 16:00:00,6976.0,6942.92,28,-6.211
2022-01-24 16:00:00,6991.4,6960.0,25,-6.587
2022-01-25 16:00:00,6791.0,6762.35,24,-6.443
2022-01-26 16:00:00,6772.0,6781.61,23,2.249
2022-01-27 16:00:00,6674.0,6690.18,22,4.012
2022-02-06 16:00:00,6650.8,6664.57,14,5.387
2022-02-07 16:00:00,6668.0,6678.99,11,5.46
2022-02-08 16:00:00,6740.0,6736.75,10,-1.761
2022-02-09 16:00:00,6836.4,6841.16,9,2.822
2022-02-10 16:00:00,6814.4,6811.78,8,-1.755
2022-02-13 16:00:00,6727.4,6711.59,7,-12.283
2022-02-14 16:00:00,6708.8,6700.82,4,-10.867
2022-02-15 16:00:00,6779.6,6779.21,3,-0.7
2022-02-16 16:00:00,6760.4,6764.33,30,0.707
2022-02-17 16:00:00,6736.4,6734.52,29,-0.351
2022-02-20 16:00:00,6831.2,6843.08,28,2.263
2022-02-21 16:00:00,6810.2,6827.05,25,3.603
2022-02-22 16:00:00,6786.0,6785.1,24,-0.202
2022-02-23 16:00:00,6854.0,6861.41,23,1.714
2022-02-24 16:00:00,6818.8,6805.64,22,-3.208
2022-02-27 16:00:00,6820.0,6831.49,21,2.923
2022-02-28 16:00:00,6868.2,6868.62,18,0.124
2022-03-01 16:00:00,6839.0,6853.07,17,4.408
2022-03-02 16:00:00,6897.8,6900.98,16,1.051
2022-03-03 16:00:00,6813.0,6823.83,15,3.862
2022-03-06 16:00:00,6783.0,6800.77,14,6.812
2022-03-07 16:00:00,6655.6,6650.58,11,-2.505
2022-03-08 16:00:00,6427.6,6443.2,10,8.837
2022-03-09 16:00:00,6408.6,6424.91,9,10.295
2022-03-10 16:00:00,6298.2,6343.19,8,32.36
2022-03-13 16:00:00,6425.0,6419.24,7,-4.679
2022-03-14 16:00:00,6261.0,6272.44,4,16.643
2022-03-15 16:00:00,6041.8,6068.9,3,54.329
2022-03-16 16:00:00,6224.0,6233.64,30,1.882
2022-03-17 16:00:00,6206.0,6249.48,29,8.757
2022-03-20 16:00:00,6297.4,6340.56,28,8.873
2022-03-21 16:00:00,6296.4,6343.4,25,10.818
2022-03-22 16:00:00,6325.0,6368.31,24,10.343
2022-03-23 16:00:00,6326.6,6370.97,23,11.052
2022-03-24 16:00:00,6305.6,6346.71,22,10.747
2022-03-27 16:00:00,6171.4,6230.12,21,16.382
2022-03-28 16:00:00,6261.6,6289.48,18,8.989
2022-03-29 16:00:00,6248.0,6272.0,17,8.216
2022-03-30 16:00:00,6357.0,6361.1,16,1.47
2022-03-31 16:00:00,6288.0,6289.39,15,0.538
2022-04-05 16:00:00,6352.2,6363.0,10,6.195
2022-04-06 16:00:00,6317.0,6321.81,9,3.086
2022-04-07 16:00:00,6201.0,6227.2,8,19.196
2022-04-10 16:00:00,6164.8,6202.02,7,31.292
2022-04-11 16:00:00,6003.8,6019.67,4,24.057
2022-04-12 16:00:00,6093.8,6094.68,3,1.757
2022-04-13 16:00:00,6041.8,6074.13,37,5.251
2022-04-14 16:00:00,6049.8,6094.12,36,7.374
2022-04-17 16:00:00,5964.4,6019.53,35,9.551
2022-04-18 16:00:00,6042.8,6067.48,32,4.64
2022-04-19 16:00:00,6061.6,6082.81,31,4.106
2022-04-20 16:00:00,5901.0,5933.79,30,6.723
2022-04-21 16:00:00,5692.6,5728.19,29,7.82
2022-04-24 16:00:00,5563.0,5656.39,28,21.523
2022-04-25 16:00:00,5339.0,5374.25,25,9.576
2022-04-26 16:00:00,5140.0,5179.03,24,11.461
2022-04-27 16:00:00,5390.0,5398.9,23,2.616
2022-04-28 16:00:00,5434.6,5458.91,22,7.388
2022-05-04 16:00:00,5599.0,5612.5,16,5.487
2022-05-05 16:00:00,5536.6,5560.98,15,10.668
2022-05-08 16:00:00,5480.6,5552.48,14,33.751
2022-05-09 16:00:00,5478.0,5532.6,11,32.746
2022-05-10 16:00:00,5674.6,5697.43,10,14.626
2022-05-11 16:00:00,5682.8,5707.56,9,17.593
2022-05-12 16:00:00,5754.0,5765.32,8,8.958
2022-05-15 16:00:00,5825.0,5840.24,7,13.607
2022-05-16 16:00:00,5758.0,5789.92,4,50.306
2022-05-17 16:00:00,5798.4,5815.61,3,36.005
2022-05-18 16:00:00,5661.0,5708.8,30,10.187
2022-05-19 16:00:00,5802.0,5854.01,29,11.182
2022-05-22 16:00:00,5893.0,5941.14,28,10.563
2022-05-23 16:00:00,5878.0,5962.15,25,20.606
2022-05-24 16:00:00,5689.4,5741.23,24,13.73
2022-05-25 16:00:00,5759.2,5848.03,23,24.105
2022-05-26 16:00:00,5881.2,5921.33,22,11.244
2022-05-29 16:00:00,5866.6,5918.24,21,15.166
2022-05-30 16:00:00,5863.0,5940.37,18,26.411
2022-05-31 16:00:00,5956.4,6008.75,17,18.706
2022-06-01 16:00:00,5948.0,6000.62,16,20.004
2022-06-05 16:00:00,6050.2,6079.89,14,12.731
2022-06-06 16:00:00,6148.8,6186.58,11,20.263
2022-06-07 16:00:00,6157.4,6184.96,10,16.264
2022-06-08 16:00:00,6181.2,6207.73,9,17.332
2022-06-09 16:00:00,6081.6,6083.5,8,1.425
2022-06-12 16:00:00,6202.0,6188.77,7,-11.147
2022-06-13 16:00:00,6161.0,6161.62,4,0.918
2022-06-14 16:00:00,6288.2,6275.37,3,-24.875
2022-06-15 16:00:00,6240.0,6262.29,30,4.331
2022-06-16 16:00:00,6183.8,6220.58,29,7.442
2022-06-19 16:00:00,6289.2,6323.41,28,7.052
2022-06-20 16:00:00,6271.0,6324.84,25,12.428
2022-06-21 16:00:00,6229.6,6281.87,24,12.655
2022-06-22 16:00:00,6136.2,6186.99,23,13.028
2022-06-23 16:00:00,6280.0,6306.83,22,7.058
2022-06-26 16:00:00,6375.0,6398.36,21,6.346
2022-06-27 16:00:00,6374.6,6412.44,18,11.966
2022-06-28 16:00:00,6470.0,6479.17,17,3.039
2022-06-29 16:00:00,6392.8,6385.21,16,-2.712
2022-06-30 16:00:00,6426.0,6450.75,15,9.336
2022-07-03 16:00:00,6405.6,6445.07,14,15.966
2022-07-04 16:00:00,6517.8,6535.45,11,8.961
2022-07-05 16:00:00,6456.0,6489.02,10,18.573
2022-07-06 16:00:00,6400.0,6414.41,9,9.111
2022-07-07 16:00:00,6452.0,6478.29,8,18.515
2022-07-10 16:00:00,6366.6,6387.45,7,17.021
2022-07-11 16:00:00,6308.4,6317.88,4,13.692
2022-07-12 16:00:00,6241.0,6238.68,3,-4.524
2022-07-13 16:00:00,6205.0,6267.47,37,9.833
2022-07-14 16:00:00,6263.0,6279.68,36,2.693
2022-07-17 16:00:00,6162.4,6216.1,35,9.009
2022-07-18 16:00:00,6275.4,6318.84,32,7.841
2022-07-19 16:00:00,6313.4,6353.0,31,7.339
2022-07-20 16:00:00,6364.0,6400.07,30,6.857
2022-07-21 16:00:00,6327.2,6353.92,29,5.293
2022-07-24 16:00:00,6247.6,6297.1,28,10.247
2022-07-25 16:00:00,6197.6,6239.21,25,9.737
2022-07-26 16:00:00,6267.0,6301.61,24,8.353
2022-07-27 16:00:00,6336.0,6361.27,23,6.304
2022-07-28 16:00:00,6323.8,6356.52,22,8.54
2022-07-31 16:00:00,6255.4,6293.38,21,10.489
2022-08-01 16:00:00,6251.2,6288.61,18,12.063
2022-08-02 16:00:00,6191.2,6171.62,17,-6.812
2022-08-03 16:00:00,6155.8,6160.49,16,1.737
2022-08-04 16:00:00,6149.4,6175.48,15,10.276
2022-08-07 16:00:00,6251.8,6266.57,14,6.145
2022-08-08 16:00:00,6285.0,6314.1,11,15.293
2022-08-09 16:00:00,6301.0,6331.41,10,17.531
2022-08-10 16:00:00,6330.0,6349.5,9,12.455
2022-08-11 16:00:00,6418.2,6425.11,8,4.907
2022-08-14 16:00:00,6401.4,6405.72,7,3.516
2022-08-15 16:00:00,6439.0,6446.76,4,10.984
2022-08-16 16:00:00,6467.0,6473.25,3,11.747
2022-08-17 16:00:00,6453.6,6481.37,30,5.213
2022-08-18 16:00:00,6438.8,6468.82,29,5.841
2022-08-21 16:00:00,6348.0,6381.34,28,6.811
2022-08-22 16:00:00,6433.0,6460.17,25,6.14
2022-08-23 16:00:00,6438.4,6470.69,24,7.589
2022-08-24 16:00:00,6258.0,6303.14,23,11.365
2022-08-25 16:00:00,6288.0,6331.08,22,11.289
2022-08-28 16:00:00,6195.0,6213.4,21,5.147
2022-08-29 16:00:00,6272.0,6309.58,18,12.077
2022-08-30 16:00:00,6249.2,6265.59,17,5.616
2022-08-31 16:00:00,6134.0,6153.29,16,7.152
2022-09-01 16:00:00,6130.4,6135.3,15,1.943
2022-09-04 16:00:00,6126.0,6147.71,14,9.207
2022-09-05 16:00:00,6180.6,6198.49,11,9.577
2022-09-06 16:00:00,6259.4,6269.99,10,6.165
2022-09-07 16:00:00,6297.6,6299.91,9,1.487
2022-09-08 16:00:00,6283.0,6275.9,8,-5.162
2022-09-12 16:00:00,6325.0,6334.86,4,14.203
2022-09-13 16:00:00,6218.0,6214.91,3,-6.049
2022-09-14 16:00:00,6245.0,6280.45,37,5.568
2022-09-15 16:00:00,6056.8,6091.42,36,5.762
2022-09-18 16:00:00,5917.2,5947.86,35,5.376
2022-09-19 16:00:00,5915.0,5949.34,32,6.584
2022-09-20 16:00:00,5904.8,5943.09,31,7.586
2022-09-21 16:00:00,5915.0,5938.1,30,4.733
2022-09-22 16:00:00,5943.0,5961.06,29,3.813
2022-09-25 16:00:00,5830.4,5841.58,28,2.495
2022-09-26 16:00:00,5824.8,5823.55,25,-0.313
2022-09-27 16:00:00,5905.0,5910.05,24,1.3
2022-09-28 16:00:00,5823.4,5823.27,23,-0.035
2022-09-29 16:00:00,5790.4,5764.15,22,-7.556
2022-10-09 16:00:00,5730.0,5729.75,14,-0.114
2022-10-10 16:00:00,5653.4,5642.48,11,-6.422
2022-10-11 16:00:00,5687.4,5680.36,10,-4.524
2022-10-12 16:00:00,5795.2,5789.66,9,-3.881
2022-10-13 16:00:00,5886.0,5866.86,8,-14.885
2022-10-16 16:00:00,5966.4,5952.38,7,-12.282
2022-10-17 16:00:00,6023.8,6031.05,4,10.969
2022-10-18 16:00:00,6028.0,6021.8,3,-12.527
2022-10-19 16:00:00,5932.2,5943.48,30,2.309
2022-10-20 16:00:00,5955.0,5959.21,29,0.889
2022-10-23 16:00:00,5945.4,5968.54,28,5.054
2022-10-24 16:00:00,5888.0,5864.02,25,-5.97
2022-10-25 16:00:00,5871.0,5871.08,24,0.021
2022-10-26 16:00:00,5998.0,5978.28,23,-5.235
2022-10-27 16:00:00,5948.0,5922.82,22,-7.053
2022-10-30 16:00:00,5753.0,5745.08,21,-2.396
2022-10-31 16:00:00,5827.4,5814.21,18,-4.6
2022-11-01 16:00:00,5951.2,5925.65,17,-9.258
2022-11-02 16:00:00,5970.6,5944.51,16,-10.012
2022-11-03 16:00:00,6006.8,5996.31,15,-4.257
2022-11-06 16:00:00,6148.6,6133.24,14,-6.529
2022-11-07 16:00:00,6133.8,6139.89,11,3.291
2022-11-08 16:00:00,6155.6,6140.54,10,-8.952
2022-11-09 16:00:00,6101.0,6085.28,9,-10.477
2022-11-10 16:00:00,6245.0,6223.23,8,-15.96
2022-11-13 16:00:00,6179.8,6140.19,7,-33.637
2022-11-14 16:00:00,6133.4,6125.11,4,-12.35
2022-11-15 16:00:00,6233.6,6238.58,3,9.712
2022-11-16 16:00:00,6188.0,6182.69,30,-1.045
2022-11-17 16:00:00,6230.0,6213.09,29,-3.426
2022-11-20 16:00:00,6173.4,6147.72,28,-5.445
2022-11-21 16:00:00,6200.8,6178.16,25,-5.35
2022-11-22 16:00:00,6130.0,6114.27,24,-3.913
2022-11-23 16:00:00,6158.4,6126.6,23,-8.237
2022-11-24 16:00:00,6122.0,6095.13,22,-7.314
2022-11-27 16:00:00,6013.2,5999.85,21,-3.867
2022-11-28 16:00:00,6095.0,6071.45,18,-7.865
2022-11-29 16:00:00,6165.8,6156.77,17,-3.149
2022-11-30 16:00:00,6237.0,6211.29,16,-9.443
2022-12-01 16:00:00,6183.6,6177.92,15,-2.237
2022-12-04 16:00:00,6221.0,6201.98,14,-7.995
2022-12-05 16:00:00,6202.0,6202.52,11,0.278
2022-12-06 16:00:00,6205.0,6198.05,10,-4.093
2022-12-07 16:00:00,6208.2,6199.16,9,-5.914
2022-12-08 16:00:00,6197.4,6185.79,8,-8.563
2022-12-11 16:00:00,6196.8,6181.24,7,-13.126
2022-12-12 16:00:00,6173.8,6153.74,4,-29.746
2022-12-13 16:00:00,6141.4,6122.43,3,-37.698
2022-12-14 16:00:00,6100.0,6090.12,37,-1.6
2022-12-15 16:00:00,6087.4,6071.96,36,-2.578
2022-12-18 16:00:00,6089.8,6058.89,35,-5.32
2022-12-19 16:00:00,5956.2,5919.03,32,-7.163
2022-12-20 16:00:00,5906.0,5879.27,31,-5.353
2022-12-21 16:00:00,5890.0,5867.72,30,-4.62
2022-12-22 16:00:00,5784.0,5751.95,29,-7.013
2022-12-25 16:00:00,5799.0,5769.07,28,-6.763
2022-12-26 16:00:00,5904.2,5857.75,25,-11.577
2022-12-27 16:00:00,5890.0,5869.46,24,-5.322
2022-12-28 16:00:00,5870.8,5843.94,23,-7.294
2022-12-29 16:00:00,5888.2,5875.28,22,-3.648
2023-01-02 16:00:00,5854.2,5861.55,18,2.543
2023-01-03 16:00:00,5958.0,5952.51,17,-1.98
2023-01-04 16:00:00,5975.0,5959.44,16,-5.956
2023-01-05 16:00:00,6015.0,6004.17,15,-4.389
2023-01-08 16:00:00,6049.8,6028.4,14,-9.255
2023-01-09 16:00:00,6043.4,6044.64,11,0.681
2023-01-10 16:00:00,6051.8,6049.04,10,-1.665
2023-01-11 16:00:00,6036.8,6022.56,9,-9.589
2023-01-12 16:00:00,6042.0,6030.93,8,-8.375
2023-01-15 16:00:00,6089.6,6068.91,7,-17.776
2023-01-16 16:00:00,6142.0,6129.73,4,-18.266
2023-01-17 16:00:00,6149.0,6139.69,3,-18.449
2023-01-18 16:00:00,6167.0,6145.62,30,-4.233
2023-01-19 16:00:00,6258.0,6214.03,29,-8.906
2023-01-29 16:00:00,6362.0,6331.88,21,-8.268
2023-01-30 16:00:00,6280.4,6266.3,18,-4.563
2023-01-31 16:00:00,6314.6,6300.5,17,-4.805
2023-02-01 16:00:00,6386.6,6383.3,16,-1.179
2023-02-02 16:00:00,6358.4,6354.71,15,-1.413
2023-02-05 16:00:00,6315.6,6314.6,14,-0.413
2023-02-06 16:00:00,6320.8,6309.22,11,-6.09
2023-02-07 16:00:00,6323.0,6319.52,10,-2.01
2023-02-08 16:00:00,6261.6,6256.31,9,-3.429
2023-02-09 16:00:00,6355.0,6349.0,8,-4.312
2023-02-12 16:00:00,6329.2,6333.22,7,3.31
2023-02-13 16:00:00,6383.6,6394.62,4,15.725
2023-02-14 16:00:00,6390.0,6398.87,3,16.865
2023-02-15 16:00:00,6372.8,6384.21,30,2.174
2023-02-16 16:00:00,6294.6,6284.92,29,-1.939
2023-02-19 16:00:00,6250.0,6248.26,28,-0.363
2023-02-20 16:00:00,6334.0,6349.91,25,3.658
2023-02-21 16:00:00,6336.2,6352.03,24,3.79
2023-02-22 16:00:00,6367.2,6377.29,23,2.511
2023-02-23 16:00:00,6358.2,6367.63,22,2.457
2023-02-26 16:00:00,6322.2,6318.64,21,-0.979
2023-02-27 16:00:00,6321.8,6323.84,18,0.654
2023-02-28 16:00:00,6350.6,6356.5,17,1.993
2023-03-01 16:00:00,6385.2,6398.26,16,4.656
2023-03-02 16:00:00,6392.4,6384.06,15,-3.179
2023-03-05 16:00:00,6378.0,6398.1,14,8.19
2023-03-06 16:00:00,6360.2,6389.81,11,15.376
2023-03-07 16:00:00,6258.2,6264.43,10,3.63
2023-03-08 16:00:00,6299.0,6311.04,9,7.737
2023-03-09 16:00:00,6249.0,6251.56,8,1.868
2023-03-12 16:00:00,6204.0,6189.98,7,-11.81
2023-03-13 16:00:00,6233.8,6237.73,4,5.749
2023-03-14 16:00:00,6219.8,6210.93,3,-17.376
2023-03-15 16:00:00,6188.0,6191.3,37,0.526
2023-03-16 16:00:00,6177.0,6174.19,36,-0.461
2023-03-19 16:00:00,6195.0,6195.35,35,0.059
2023-03-20 16:00:00,6181.0,6171.89,32,-1.684
2023-03-21 16:00:00,6239.8,6244.36,31,0.86
2023-03-22 16:00:00,6253.0,6253.58,30,0.113
2023-03-23 16:00:00,6299.0,6312.43,29,2.678
2023-03-26 16:00:00,6304.4,6304.48,28,0.017
2023-03-27 16:00:00,6298.6,6314.58,25,3.695
2023-03-28 16:00:00,6305.0,6285.95,24,-4.609
2023-03-29 16:00:00,6267.0,6257.64,23,-2.374
2023-03-30 16:00:00,6309.6,6284.85,22,-6.534
2023-04-02 16:00:00,6356.0,6346.69,21,-2.55
2023-04-03 16:00:00,6410.0,6414.82,18,1.524
2023-04-05 16:00:00,6396.0,6387.23,16,-3.132
2023-04-06 16:00:00,6418.2,6418.26,15,0.023
2023-04-09 16:00:00,6466.2,6474.94,14,3.519
2023-04-10 16:00:00,6424.0,6405.63,11,-9.516
2023-04-11 16:00:00,6413.6,6415.7,10,1.195
2023-04-12 16:00:00,6428.0,6438.16,9,6.4
2023-04-13 16:00:00,6425.0,6420.31,8,-3.333
2023-04-16 16:00:00,6417.4,6422.87,7,4.441
2023-04-17 16:00:00,6450.0,6448.76,4,-1.755
2023-04-18 16:00:00,6439.0,6444.87,3,11.081
2023-04-19 16:00:00,6393.2,6408.81,30,2.963
2023-04-20 16:00:00,6389.0,6411.51,29,4.419
2023-04-23 16:00:00,6249.6,6250.96,28,0.284
2023-04-24 16:00:00,6203.8,6205.62,25,0.428
2023-04-25 16:00:00,6096.8,6095.13,24,-0.417
2023-04-26 16:00:00,6122.6,6127.64,23,1.305
2023-04-27 16:00:00,6172.4,6151.64,22,-5.599
2023-05-03 16:00:00,6239.6,6223.23,16,-6.001
2023-05-04 16:00:00,6254.8,6255.7,15,0.35
2023-05-07 16:00:00,6207.0,6202.68,14,-1.816
2023-05-08 16:00:00,6230.8,6242.66,11,6.304
2023-05-09 16:00:00,6170.6,6167.13,10,-2.054
2023-05-10 16:00:00,6184.2,6185.67,9,0.964
2023-05-11 16:00:00,6140.4,6138.94,8,-1.085
2023-05-14 16:00:00,6089.8,6094.68,7,4.175
2023-05-15 16:00:00,6152.4,6159.17,4,10.03
2023-05-16 16:00:00,6108.2,6097.98,3,-20.391
2023-05-17 16:00:00,6105.6,6132.52,30,5.341
2023-05-18 16:00:00,6097.0,6116.84,29,4.082
2023-05-21 16:00:00,6106.0,6111.84,28,1.246
2023-05-22 16:00:00,6093.0,6114.21,25,5.065
2023-05-23 16:00:00,6016.6,6032.69,24,4.056
2023-05-24 16:00:00,5992.0,6000.22,23,2.174
2023-05-25 16:00:00,5961.0,5983.14,22,6.139
2023-05-28 16:00:00,6042.0,6046.54,21,1.305
2023-05-29 16:00:00,6005.8,6008.46,18,0.898
2023-05-30 16:00:00,6030.2,6044.02,17,4.909
2023-05-31 16:00:00,6019.0,6028.8,16,3.708
2023-06-01 16:00:00,6071.4,6061.91,15,-3.809
2023-06-04 16:00:00,6094.8,6102.13,14,3.132
2023-06-05 16:00:00,6076.8,6088.66,11,6.463
2023-06-06 16:00:00,5972.0,5982.31,10,6.29
2023-06-07 16:00:00,5965.8,5971.72,9,4.02
2023-06-08 16:00:00,5963.4,5968.7,8,4.051
2023-06-11 16:00:00,6000.0,5999.62,7,-0.33
2023-06-12 16:00:00,6010.8,6016.69,4,8.933
2023-06-13 16:00:00,6044.0,6046.44,3,4.91
2023-06-14 16:00:00,6038.6,6049.47,37,1.773
2023-06-15 16:00:00,6085.2,6094.84,36,1.604
2023-06-18 16:00:00,6125.2,6148.85,35,4.011
2023-06-19 16:00:00,6109.0,6122.74,32,2.56
2023-06-20 16:00:00,6088.2,6104.25,31,3.096
2023-06-25 16:00:00,5950.0,5947.57,28,-0.533
2023-06-26 16:00:00,5900.6,5897.69,25,-0.72
2023-06-27 16:00:00,5917.2,5945.64,24,7.275
2023-06-28 16:00:00,5924.2,5928.71,23,1.207
2023-06-29 16:00:00,5917.8,5931.87,22,3.935
2023-07-02 16:00:00,6001.6,6009.27,21,2.218
2023-07-03 16:00:00,6022.8,6042.72,18,6.685
2023-07-04 16:00:00,6029.2,6050.35,17,7.505
2023-07-05 16:00:00,5996.8,6010.66,16,5.26
2023-07-06 16:00:00,5956.4,5973.98,15,7.161
2023-07-09 16:00:00,5979.6,5980.61,14,0.44
2023-07-10 16:00:00,5980.2,5991.02,11,5.993
2023-07-11 16:00:00,6025.8,6030.64,10,2.929
2023-07-12 16:00:00,5987.0,5986.25,9,-0.508
2023-07-13 16:00:00,6058.8,6052.95,8,-4.41
2023-07-16 16:00:00,6012.0,6012.76,7,0.659
2023-07-17 16:00:00,6009.8,6015.98,4,9.374
2023-07-18 16:00:00,5995.2,5998.38,3,6.45
2023-07-19 16:00:00,5990.0,5996.84,30,1.388
2023-07-20 16:00:00,5911.0,5914.35,29,0.713
2023-07-23 16:00:00,5909.8,5913.57,28,0.831
2023-07-24 16:00:00,5987.8,5976.97,25,-2.645
2023-07-25 16:00:00,6016.0,6014.76,24,-0.314
2023-07-26 16:00:00,6010.0,5998.85,23,-2.95
2023-07-27 16:00:00,5952.0,5945.91,22,-1.699
2023-07-30 16:00:00,6092.0,6059.11,21,-9.435
2023-07-31 16:00:00,6098.4,6086.9,18,-3.831
2023-08-01 16:00:00,6092.4,6088.14,17,-1.502
2023-08-02 16:00:00,6064.8,6062.64,16,-0.813
2023-08-03 16:00:00,6131.0,6126.15,15,-1.926
2023-08-06 16:00:00,6115.6,6115.84,14,0.102
2023-08-07 16:00:00,6090.6,6077.3,11,-7.262
2023-08-08 16:00:00,6066.8,6049.45,10,-10.468
2023-08-09 16:00:00,6033.6,6013.35,9,-13.657
2023-08-10 16:00:00,6037.2,6030.05,8,-5.41
2023-08-13 16:00:00,5879.0,5864.48,7,-12.91
2023-08-14 16:00:00,5924.2,5919.77,4,-6.829
2023-08-15 16:00:00,5868.0,5858.6,31,-1.889
2023-08-16 16:00:00,5823.4,5808.91,30,-3.035
2023-08-17 16:00:00,5886.0,5875.11,29,-2.333
2023-08-20 16:00:00,5774.6,5764.67,28,-2.245
2023-08-21 16:00:00,5744.0,5733.25,25,-2.738
2023-08-22 16:00:00,5726.0,5732.39,24,1.695
2023-08-23 16:00:00,5660.0,5650.36,23,-2.707
2023-08-24 16:00:00,5626.4,5624.77,22,-0.481
2023-08-27 16:00:00,5890.0,5885.88,21,-1.217
2023-08-28 16:00:00,5640.4,5631.01,18,-3.381
2023-08-29 16:00:00,5788.8,5780.28,17,-3.165
2023-08-30 16:00:00,5770.0,5770.95,16,0.376
2023-08-31 16:00:00,5759.8,5746.41,15,-5.67
2023-09-03 16:00:00,5787.6,5772.03,14,-7.033
2023-09-04 16:00:00,5824.0,5819.97,11,-2.298
2023-09-05 16:00:00,5774.6,5771.85,10,-1.739
2023-09-06 16:00:00,5770.6,5782.07,9,8.045
2023-09-07 16:00:00,5688.0,5684.66,8,-2.681
2023-09-10 16:00:00,5711.2,5723.02,7,10.769
2023-09-11 16:00:00,5764.0,5774.47,4,16.545
2023-09-12 16:00:00,5761.2,5764.82,3,7.64
2023-09-13 16:00:00,5702.4,5714.67,37,2.118
2023-09-14 16:00:00,5716.6,5716.29,36,-0.055
2023-09-17 16:00:00,5697.0,5685.85,35,-2.045
2023-09-18 16:00:00,5730.4,5713.49,32,-3.376
2023-09-19 16:00:00,5692.4,5677.92,31,-3.003
2023-09-20 16:00:00,5654.0,5638.44,30,-3.358
2023-09-21 16:00:00,5622.0,5606.83,29,-3.405
2023-09-24 16:00:00,5719.2,5694.9,28,-5.562
2023-09-25 16:00:00,5680.8,5661.03,25,-5.099
2023-09-26 16:00:00,5670.6,5642.39,24,-7.604
2023-09-27 16:00:00,5719.0,5687.64,23,-8.75
2023-10-08 16:00:00,5691.4,5679.64,14,-5.398
2023-10-09 16:00:00,5681.2,5665.66,11,-9.101
2023-10-10 16:00:00,5653.4,5639.07,10,-9.275
2023-10-11 16:00:00,5662.8,5655.61,9,-5.156
2023-10-12 16:00:00,5645.2,5645.44,8,0.194
2023-10-15 16:00:00,5643.8,5633.3,7,-9.719
2023-10-16 16:00:00,5593.0,5585.14,4,-12.842
2023-10-17 16:00:00,5579.6,5586.02,3,13.983
2023-10-18 16:00:00,5510.0,5496.76,30,-2.931
2023-10-19 16:00:00,5461.0,5443.46,29,-4.056
2023-10-22 16:00:00,5410.0,5400.54,28,-2.283
2023-10-23 16:00:00,5289.6,5311.67,25,6.066
2023-10-24 16:00:00,5375.0,5386.43,24,3.227
2023-10-25 16:00:00,5329.0,5351.16,23,6.572
2023-10-26 16:00:00,5365.0,5387.27,22,6.858
2023-10-29 16:00:00,5477.6,5484.62,21,2.225
2023-10-30 16:00:00,5531.2,5547.32,18,5.893
2023-10-31 16:00:00,5524.6,5534.89,17,3.992
2023-11-01 16:00:00,5510.0,5514.52,16,1.87
2023-11-02 16:00:00,5469.6,5462.14,15,-3.323
2023-11-05 16:00:00,5552.0,5549.29,14,-1.273
2023-11-06 16:00:00,5588.0,5594.47,11,3.837
2023-11-07 16:00:00,5588.8,5602.97,10,9.231
2023-11-08 16:00:00,5588.0,5602.49,9,10.489
2023-11-09 16:00:00,5566.0,5577.34,8,9.277
2023-11-12 16:00:00,5574.8,5589.06,7,13.304
2023-11-13 16:00:00,5590.0,5602.98,4,21.139
2023-11-14 16:00:00,5681.0,5677.55,3,-7.393
2023-11-15 16:00:00,5621.4,5647.06,30,5.528
2023-11-16 16:00:00,5567.2,5598.95,29,7.137
2023-11-19 16:00:00,5599.0,5635.59,28,8.464
2023-11-20 16:00:00,5650.0,5669.17,25,4.937
2023-11-21 16:00:00,5606.0,5622.86,24,4.56
2023-11-22 16:00:00,5550.0,5566.73,23,4.769
2023-11-23 16:00:00,5598.0,5619.32,22,6.295
2023-11-26 16:00:00,5545.0,5562.75,21,5.546
2023-11-27 16:00:00,5540.8,5561.58,18,7.576
2023-11-28 16:00:00,5560.0,5588.77,17,11.053
2023-11-29 16:00:00,5531.0,5548.52,16,7.203
2023-11-30 16:00:00,5519.0,5541.23,15,9.762
2023-12-03 16:00:00,5545.6,5578.42,14,15.339
2023-12-04 16:00:00,5510.0,5542.87,11,19.677
2023-12-05 16:00:00,5429.2,5448.46,10,12.903
2023-12-06 16:00:00,5459.0,5475.27,9,12.051
2023-12-07 16:00:00,5484.2,5484.68,8,0.399
2023-12-10 16:00:00,5478.4,5473.65,7,-4.525
2023-12-11 16:00:00,5550.2,5560.44,4,16.804
2023-12-12 16:00:00,5558.0,5557.05,3,-2.08
2023-12-13 16:00:00,5514.2,5532.99,37,3.35
2023-12-14 16:00:00,5490.0,5499.37,36,1.727
2023-12-17 16:00:00,5420.2,5436.99,35,3.22
2023-12-18 16:00:00,5379.2,5380.73,32,0.324
2023-12-19 16:00:00,5387.8,5386.0,31,-0.393
2023-12-20 16:00:00,5300.2,5286.45,30,-3.165
2023-12-21 16:00:00,5333.2,5337.38,29,0.986
2023-12-24 16:00:00,5324.8,5301.57,28,-5.712
2023-12-25 16:00:00,5312.8,5312.8,25,0.0
2023-12-26 16:00:00,5277.2,5261.57,24,-4.518
2023-12-27 16:00:00,5277.2,5280.69,23,1.049
2023-12-28 16:00:00,5384.4,5376.98,22,-2.289
2024-01-01 16:00:00,5434.0,5431.48,18,-0.941
2024-01-02 16:00:00,5383.0,5398.29,17,6.081
2024-01-03 16:00:00,5382.0,5395.14,16,5.556
2024-01-04 16:00:00,5337.0,5347.07,15,4.583
2024-01-07 16:00:00,5273.0,5268.23,14,-2.361
2024-01-08 16:00:00,5142.0,5176.11,11,21.866
2024-01-09 16:00:00,5140.0,5167.73,10,19.586
2024-01-10 16:00:00,5136.0,5152.36,9,12.877
2024-01-11 16:00:00,5197.6,5213.14,8,13.6
2024-01-14 16:00:00,5168.6,5189.53,7,21.03
2024-01-15 16:00:00,5171.4,5188.37,4,29.846
2024-01-16 16:00:00,5162.2,5180.93,3,43.985
2024-01-17 16:00:00,4965.8,5033.1,33,14.79
2024-01-18 16:00:00,4965.0,5056.48,32,20.636
2024-01-21 16:00:00,4946.0,5008.68,31,14.735
2024-01-22 16:00:00,4658.0,4771.5,28,31.008
2024-01-23 16:00:00,4850.6,4886.2,27,9.849
2024-01-24 16:00:00,4870.0,4931.63,26,17.544
2024-01-25 16:00:00,5044.0,5055.29,25,3.261
2024-01-28 16:00:00,5018.0,5032.11,24,4.264
2024-01-29 16:00:00,4860.4,4898.36,21,13.469
2024-01-30 16:00:00,4748.4,4786.81,20,14.644
2024-01-31 16:00:00,4653.2,4667.91,19,6.054
2024-02-01 16:00:00,4674.8,4686.1,18,4.89
2024-02-04 16:00:00,4473.2,4527.71,17,25.849
2024-02-05 16:00:00,4360.0,4411.3,14,30.319
2024-02-06 16:00:00,4805.0,4813.95,38,1.786
2024-02-07 16:00:00,5181.4,5131.8,37,-9.535
2024-02-18 16:00:00,5201.2,5225.14,28,5.973
2024-02-19 16:00:00,5067.8,5107.57,25,11.368
2024-02-20 16:00:00,5067.8,5101.41,24,10.02
2024-02-21 16:00:00,5117.0,5133.55,23,5.116
2024-02-22 16:00:00,5182.2,5190.65,22,2.701
2024-02-25 16:00:00,5179.0,5194.74,21,5.266
2024-02-26 16:00:00,5162.2,5174.82,18,4.945
2024-02-27 16:00:00,5319.6,5311.43,17,-3.303
2024-02-28 16:00:00,5175.0,5154.15,16,-9.228
2024-02-29 16:00:00,5343.2,5350.86,15,3.483
2024-03-03 16:00:00,5391.4,5386.94,14,-2.159
2024-03-04 16:00:00,5351.0,5358.22,11,4.471
2024-03-05 16:00:00,5321.0,5332.83,10,8.097
2024-03-06 16:00:00,5351.0,5354.33,9,2.522
2024-03-07 16:00:00,5294.2,5282.41,8,-10.183
2024-03-10 16:00:00,5338.8,5342.18,7,3.299
2024-03-11 16:00:00,5462.6,5445.88,4,-28.016
2024-03-12 16:00:00,5441.0,5430.04,3,-24.557
2024-03-13 16:00:00,5396.8,5415.15,37,3.343
2024-03-14 16:00:00,5370.0,5380.02,36,1.888
2024-03-17 16:00:00,5466.0,5472.31,35,1.202
2024-03-18 16:00:00,5516.8,5514.55,32,-0.465
2024-03-19 16:00:00,5470.6,5469.61,31,-0.213
2024-03-20 16:00:00,5500.0,5505.7,30,1.26
2024-03-21 16:00:00,5448.0,5454.41,29,1.479
2024-03-24 16:00:00,5353.4,5369.78,28,3.976
2024-03-25 16:00:00,5299.8,5291.52,25,-2.285
2024-03-26 16:00:00,5265.0,5280.73,24,4.53
2024-03-27 16:00:00,5170.0,5156.48,23,-4.161
2024-03-28 16:00:00,5214.4,5220.55,22,1.954
2024-03-31 16:00:00,5318.0,5309.83,21,-2.674
2024-04-01 16:00:00,5392.8,5395.48,18,1.007
2024-04-02 16:00:00,5372.4,5373.5,17,0.44
2024-04-07 16:00:00,5360.0,5358.96,14,-0.506
2024-04-08 16:00:00,5292.2,5294.47,11,1.423
2024-04-09 16:00:00,5327.4,5335.73,10,5.698
2024-04-10 16:00:00,5244.0,5244.05,9,0.039
2024-04-11 16:00:00,5313.0,5307.72,8,-4.539
2024-04-14 16:00:00,5268.6,5270.04,7,1.425
2024-04-15 16:00:00,5325.6,5309.1,4,-28.359
2024-04-16 16:00:00,5245.2,5211.25,3,-79.263
2024-04-17 16:00:00,5311.0,5317.8,30,1.556
2024-04-18 16:00:00,5324.8,5322.36,29,-0.577
2024-04-21 16:00:00,5271.0,5289.41,28,4.537
2024-04-22 16:00:00,5255.8,5257.77,25,0.547
2024-04-23 16:00:00,5210.0,5210.18,24,0.053
2024-04-24 16:00:00,5230.0,5240.48,23,3.174
2024-04-25 16:00:00,5262.0,5258.38,22,-1.142
2024-04-28 16:00:00,5395.0,5371.21,21,-7.698
2024-04-29 16:00:00,5489.8,5471.17,18,-6.905
2024-05-05 16:00:00,5528.6,5498.44,14,-14.301
2024-05-06 16:00:00,5528.0,5532.32,11,2.591
2024-05-07 16:00:00,5507.0,5516.45,10,6.253
2024-05-08 16:00:00,5467.8,5461.36,9,-4.782
2024-05-09 16:00:00,5558.6,5562.19,8,2.945
2024-05-12 16:00:00,5483.6,5503.13,7,18.505
2024-05-13 16:00:00,5518.0,5508.47,4,-15.787
2024-05-14 16:00:00,5483.0,5495.56,3,27.807
2024-05-15 16:00:00,5431.0,5461.11,37,5.439
2024-05-16 16:00:00,5386.4,5418.66,36,6.036
2024-05-19 16:00:00,5472.0,5496.79,35,4.703
2024-05-20 16:00:00,5466.0,5511.48,32,9.412
2024-05-21 16:00:00,5440.0,5472.01,31,6.888
2024-05-22 16:00:00,5405.8,5448.94,30,9.633
2024-05-23 16:00:00,5320.0,5348.51,29,6.709
2024-05-26 16:00:00,5292.6,5325.85,28,8.138
2024-05-27 16:00:00,5312.8,5363.33,25,13.755
2024-05-28 16:00:00,5284.2,5308.59,24,6.987
2024-05-29 16:00:00,5279.4,5316.4,23,11.045
2024-05-30 16:00:00,5317.4,5310.72,22,-2.087
2024-06-02 16:00:00,5280.2,5300.79,21,6.751
2024-06-03 16:00:00,5229.0,5263.23,18,13.188
2024-06-04 16:00:00,5300.2,5328.87,17,11.551
2024-06-05 16:00:00,5279.0,5291.52,16,5.398
2024-06-06 16:00:00,5240.0,5247.15,15,3.316
2024-06-10 16:00:00,5155.0,5182.41,11,17.55
2024-06-11 16:00:00,5190.0,5209.13,10,13.404
2024-06-12 16:00:00,5218.2,5231.91,9,10.627
2024-06-13 16:00:00,5177.4,5180.29,8,2.545
2024-06-16 16:00:00,5193.0,5189.28,7,-3.738
2024-06-17 16:00:00,5206.0,5207.98,4,3.469
2024-06-18 16:00:00,5237.0,5235.48,3,-3.532
2024-06-19 16:00:00,5134.6,5162.16,30,6.496
2024-06-20 16:00:00,5049.0,5079.92,29,7.661
2024-06-23 16:00:00,5040.0,5072.8,28,8.429
2024-06-24 16:00:00,4978.2,4989.07,25,3.181
2024-06-25 16:00:00,4922.0,4942.17,24,6.207
2024-06-26 16:00:00,4979.0,4998.99,23,6.346
2024-06-27 16:00:00,4900.6,4914.67,22,4.75
2024-06-30 16:00:00,4921.2,4943.79,21,7.942
2024-07-01 16:00:00,4965.0,5000.58,18,14.428
2024-07-02 16:00:00,4923.2,4945.4,17,9.638
2024-07-03 16:00:00,4894.4,4917.44,16,10.688
2024-07-04 16:00:00,4807.0,4828.86,15,11.016
2024-07-07 16:00:00,4837.0,4857.02,14,10.746
2024-07-08 16:00:00,4758.0,4775.31,11,12.028
2024-07-09 16:00:00,4850.0,4857.48,10,5.621
2024-07-10 16:00:00,4887.6,4902.81,9,12.582
2024-07-11 16:00:00,4920.0,4926.98,8,6.464
2024-07-14 16:00:00,4895.0,4903.52,7,9.06
2024-07-15 16:00:00,4861.2,4877.6,4,30.681
2024-07-16 16:00:00,4880.0,4893.41,3,33.342
2024-07-17 16:00:00,4802.0,4822.13,30,5.079
2024-07-18 16:00:00,4830.0,4853.04,29,5.975
2024-07-21 16:00:00,4857.0,4872.64,28,4.184
2024-07-22 16:00:00,4845.0,4862.97,25,5.395
2024-07-23 16:00:00,4691.2,4712.29,24,6.807
2024-07-24 16:00:00,4616.2,4644.42,23,9.643
2024-07-25 16:00:00,4652.4,4670.45,22,6.412
2024-07-28 16:00:00,4718.0,4740.5,21,8.25
2024-07-29 16:00:00,4666.0,4694.52,18,12.319
2024-07-30 16:00:00,4676.0,4694.73,17,8.566
2024-07-31 16:00:00,4893.6,4893.87,16,0.126
2024-08-01 16:00:00,4805.2,4816.94,15,5.931
2024-08-04 16:00:00,4753.0,4756.08,14,1.688
2024-08-05 16:00:00,4759.6,4740.45,11,-13.404
2024-08-06 16:00:00,4730.0,4747.98,10,13.822
2024-08-07 16:00:00,4727.0,4737.09,9,8.638
2024-08-08 16:00:00,4783.8,4778.26,8,-5.29
2024-08-11 16:00:00,4705.0,4716.96,7,13.221
2024-08-12 16:00:00,4719.0,4713.96,4,-9.756
2024-08-13 16:00:00,4726.2,4729.81,3,9.286
2024-08-14 16:00:00,4618.0,4656.69,37,8.196
2024-08-15 16:00:00,4676.8,4703.6,36,5.777
2024-08-18 16:00:00,4640.4,4666.33,35,5.795
2024-08-19 16:00:00,4668.0,4684.29,32,3.967
2024-08-20 16:00:00,4569.2,4589.09,31,5.103
2024-08-21 16:00:00,4581.0,4589.5,30,2.253
2024-08-22 16:00:00,4515.6,4523.99,29,2.334
2024-08-25 16:00:00,4535.0,4542.86,28,2.255
2024-08-26 16:00:00,4517.8,4532.49,25,4.732
2024-08-27 16:00:00,4475.4,4486.43,24,3.739
2024-08-28 16:00:00,4468.0,4483.55,23,5.504
2024-08-29 16:00:00,4547.4,4557.5,22,3.677
2024-09-01 16:00:00,4623.0,4631.9,21,3.34
2024-09-02 16:00:00,4541.0,4543.22,18,0.991
2024-09-03 16:00:00,4555.0,4567.69,17,5.965
2024-09-04 16:00:00,4581.0,4585.17,16,2.075
2024-09-05 16:00:00,4604.8,4609.34,15,2.397
2024-09-08 16:00:00,4514.0,4517.57,14,2.06
2024-09-09 16:00:00,4505.0,4509.32,11,3.179
2024-09-10 16:00:00,4484.4,4490.19,10,4.707
2024-09-11 16:00:00,4524.8,4518.99,9,-5.214
2024-09-12 16:00:00,4505.0,4500.39,8,-4.674
2024-09-17 16:00:00,4451.2,4450.09,3,-3.035
2024-09-18 16:00:00,4448.6,4481.46,30,8.921
2024-09-19 16:00:00,4498.0,4514.96,29,4.728
2024-09-22 16:00:00,4469.0,4495.78,28,7.765
2024-09-23 16:00:00,4531.8,4524.22,25,-2.446
2024-09-24 16:00:00,4756.8,4743.63,24,-4.222
2024-09-25 16:00:00,4731.6,4726.0,23,-1.88
2024-09-26 16:00:00,5099.0,5027.26,22,-23.676
2024-09-29 16:00:00,5636.6,5449.79,21,-59.579
2024-10-07 16:00:00,6483.0,6417.81,11,-33.705
2024-10-08 16:00:00,6008.0,6013.7,10,3.46
2024-10-09 16:00:00,5854.0,5768.61,9,-60.032
2024-10-10 16:00:00,5681.0,5650.05,8,-24.993
2024-10-13 16:00:00,5534.2,5503.65,7,-28.944
2024-10-14 16:00:00,5568.8,5578.26,4,15.475
2024-10-15 16:00:00,5411.6,5393.67,3,-40.445
2024-10-16 16:00:00,5494.2,5499.77,30,1.232
2024-10-17 16:00:00,5423.0,5416.03,29,-1.62
2024-10-20 16:00:00,5657.0,5680.56,28,5.407
2024-10-21 16:00:00,5682.4,5703.32,25,5.355
2024-10-22 16:00:00,5729.2,5745.11,59,1.713
2024-10-23 16:00:00,5731.6,5747.56,58,1.747
2024-10-24 16:00:00,5724.8,5735.29,57,1.171
2024-10-27 16:00:00,5802.4,5816.33,56,1.561
2024-10-28 16:00:00,5881.0,5903.31,53,2.603
2024-10-29 16:00:00,5791.0,5793.83,52,0.343
2024-10-30 16:00:00,5821.0,5839.98,51,2.326
2024-10-31 16:00:00,5851.0,5893.32,50,5.242
2024-11-03 16:00:00,5838.0,5835.39,49,-0.333
2024-11-04 16:00:00,5907.6,5925.87,46,2.446
2024-11-05 16:00:00,6100.0,6134.92,45,4.617
2024-11-06 16:00:00,6066.0,6061.73,44,-0.584
2024-11-07 16:00:00,6267.6,6306.8,43,5.276
2024-11-10 16:00:00,6148.8,6211.03,42,8.707
2024-11-11 16:00:00,6249.8,6349.23,39,14.656
2024-11-12 16:00:00,6150.8,6234.16,38,12.844
2024-11-13 16:00:00,6170.0,6240.61,37,11.162
2024-11-14 16:00:00,6065.6,6055.54,36,-1.684
2024-11-17 16:00:00,5945.0,5940.49,35,-0.792
2024-11-18 16:00:00,5836.8,5836.61,32,-0.037
2024-11-19 16:00:00,5877.6,5920.32,31,8.496
2024-11-20 16:00:00,5932.0,5973.15,30,8.382
2024-11-21 16:00:00,5928.0,5969.08,29,8.662
2024-11-24 16:00:00,5732.4,5754.55,28,5.018
2024-11-25 16:00:00,5670.4,5727.37,25,14.523
2024-11-26 16:00:00,5642.0,5669.55,24,7.39
2024-11-27 16:00:00,5756.8,5802.8,23,12.58
2024-11-28 16:00:00,5730.0,5748.17,22,5.244
2024-12-01 16:00:00,5828.8,5853.71,21,7.396
2024-12-02 16:00:00,5915.4,5946.74,18,10.687
2024-12-03 16:00:00,5893.8,5929.48,17,12.92
2024-12-04 16:00:00,5844.6,5855.74,16,4.34
2024-12-05 16:00:00,5880.8,5903.5,15,9.357
2024-12-08 16:00:00,5960.0,5983.33,14,10.166
2024-12-09 16:00:00,6130.4,6132.29,11,1.023
2024-12-10 16:00:00,5998.8,5973.33,10,-15.563
2024-12-11 16:00:00,6038.0,6048.78,9,7.228
2024-12-12 16:00:00,6050.0,6065.95,8,11.997
2024-12-15 16:00:00,6002.2,5983.16,7,-16.593
2024-12-16 16:00:00,5901.4,5896.97,4,-6.855
2024-12-17 16:00:00,5880.6,5861.26,3,-40.146
2024-12-18 16:00:00,5766.6,5829.26,93,4.219
2024-12-19 16:00:00,5873.2,5889.95,29,3.579
2024-12-22 16:00:00,5899.2,5917.69,28,4.073
2024-12-23 16:00:00,5815.6,5827.16,25,2.896
2024-12-24 16:00:00,5871.2,5896.43,24,6.507
2024-12-25 16:00:00,5824.6,5830.72,23,1.666
2024-12-26 16:00:00,5879.2,5892.69,22,3.798
2024-12-29 16:00:00,5887.2,5890.46,21,0.962
2024-12-30 16:00:00,5897.0,5902.03,18,1.728
2025-01-01 16:00:00,5695.8,5717.92,16,8.825
2025-01-02 16:00:00,5548.0,5552.75,15,2.082
2025-01-05 16:00:00,5422.0,5421.07,14,-0.447
2025-01-06 16:00:00,5419.0,5429.17,11,6.216
2025-01-07 16:00:00,5456.4,5462.32,10,3.956
2025-01-08 16:00:00,5436.0,5437.81,9,1.35
2025-01-09 16:00:00,5435.8,5449.0,8,11.052
2025-01-12 16:00:00,5324.2,5319.7,7,-4.411
2025-01-13 16:00:00,5398.0,5393.76,4,-7.173
2025-01-14 16:00:00,5563.6,5559.58,3,-8.797
2025-01-15 16:00:00,5508.0,5546.7,65,3.918
2025-01-16 16:00:00,5477.6,5524.21,64,4.812
2025-01-19 16:00:00,5598.0,5621.92,63,2.465
2025-01-20 16:00:00,5616.0,5639.6,60,2.546
2025-01-21 16:00:00,5583.0,5606.85,59,2.632
2025-01-22 16:00:00,5632.4,5659.37,58,2.999
2025-01-23 16:00:00,5543.4,5570.48,57,3.113
2025-01-26 16:00:00,5647.0,5660.48,56,1.552
2025-02-04 16:00:00,5608.0,5643.17,45,5.055
2025-02-05 16:00:00,5566.6,5606.87,44,5.958
2025-02-06 16:00:00,5712.8,5750.29,43,5.534
2025-02-09 16:00:00,5831.4,5858.24,42,3.982
2025-02-10 16:00:00,5848.6,5890.37,39,6.637
2025-02-11 16:00:00,5813.8,5841.36,38,4.532
2025-02-12 16:00:00,5894.4,5938.2,37,7.276
2025-02-13 16:00:00,5882.8,5893.93,36,1.915
2025-02-16 16:00:00,5958.0,5979.84,35,3.809
2025-02-17 16:00:00,5900.0,5935.5,32,6.822
2025-02-18 16:00:00,5822.4,5834.95,31,2.532
2025-02-19 16:00:00,5899.0,5941.6,30,8.723
2025-02-20 16:00:00,5933.4,5969.65,29,7.643
2025-02-23 16:00:00,6025.0,6057.38,28,6.968
2025-02-24 16:00:00,5941.2,5967.04,25,6.322
2025-02-25 16:00:00,5962.4,5990.29,24,7.081
2025-02-26 16:00:00,5991.0,6050.19,23,15.525
2025-02-27 16:00:00,5961.8,5997.92,22,9.991
2025-03-02 16:00:00,5854.0,5875.95,21,6.493
2025-03-03 16:00:00,5811.6,5845.47,18,11.749
2025-03-04 16:00:00,5896.0,5937.11,17,14.867
2025-03-05 16:00:00,5948.0,5980.38,16,12.352
2025-03-06 16:00:00,6006.2,6029.38,15,9.355
2025-03-09 16:00:00,5987.0,6022.68,14,15.445
2025-03-10 16:00:00,5909.6,5944.42,11,19.437
2025-03-11 16:00:00,6033.0,6068.38,10,21.28
2025-03-12 16:00:00,6013.4,6032.85,9,13.075
2025-03-13 16:00:00,5970.4,5993.97,8,17.941
2025-03-16 16:00:00,6108.8,6119.61,7,9.211
2025-03-17 16:00:00,6105.0,6126.04,4,31.34
2025-03-18 16:00:00,6099.8,6117.42,3,35.044
2025-03-19 16:00:00,6048.8,6094.84,30,9.191
2025-03-20 16:00:00,5999.0,6038.99,29,8.335
2025-03-23 16:00:00,5915.2,5973.05,28,12.625
2025-03-24 16:00:00,5901.0,5969.42,25,16.734
2025-03-25 16:00:00,5894.4,5935.85,24,10.62
2025-03-26 16:00:00,5893.0,5932.52,23,10.572
2025-03-27 16:00:00,5920.2,5954.73,22,9.621
2025-03-30 16:00:00,5848.0,5886.96,21,11.503
2025-03-31 16:00:00,5835.0,5870.94,18,12.413
2025-04-01 16:00:00,5850.6,5884.89,17,12.51
2025-04-02 16:00:00,5826.0,5842.62,16,6.489
2025-04-06 16:00:00,5640.0,5523.96,14,-54.767
2025-04-07 16:00:00,5300.8,5279.76,11,-13.223
2025-04-08 16:00:00,5192.0,5249.68,10,40.104
2025-04-09 16:00:00,5500.0,5534.56,9,25.325
2025-04-10 16:00:00,5501.8,5514.19,8,10.252
2025-04-13 16:00:00,5610.6,5633.78,7,21.454
2025-04-14 16:00:00,5588.8,5625.0,4,58.724
2025-04-15 16:00:00,5568.4,5589.78,3,46.536
2025-04-16 16:00:00,5351.0,5527.59,65,17.939
2025-04-17 16:00:00,5402.2,5546.97,64,14.885
2025-04-20 16:00:00,5395.0,5556.51,63,16.84
2025-04-21 16:00:00,5498.0,5634.89,60,14.778
2025-04-22 16:00:00,5530.0,5647.91,59,12.915
2025-04-23 16:00:00,5493.8,5633.02,58,15.553
2025-04-24 16:00:00,5495.0,5613.14,57,13.477
2025-04-27 16:00:00,5495.0,5624.42,56,14.998
2025-04-28 16:00:00,5460.0,5583.72,53,15.259
2025-04-29 16:00:00,5493.6,5604.65,52,13.908
2025-05-05 16:00:00,5538.0,5668.88,46,18.319
2025-05-06 16:00:00,5708.0,5805.66,45,13.644
2025-05-07 16:00:00,5610.0,5731.72,44,17.616
2025-05-08 16:00:00,5656.8,5770.44,43,16.717
2025-05-11 16:00:00,5659.0,5751.44,42,13.968
2025-05-12 16:00:00,5708.0,5838.03,39,20.845
2025-05-13 16:00:00,5664.0,5778.08,38,18.964
2025-05-14 16:00:00,5685.0,5786.78,37,17.351
2025-05-15 16:00:00,5616.0,5703.74,36,15.597
2025-05-18 16:00:00,5600.0,5719.44,35,21.778
2025-05-19 16:00:00,5631.4,5723.51,32,18.356
2025-05-20 16:00:00,5640.0,5741.69,31,20.853
2025-05-21 16:00:00,5648.4,5739.19,30,19.247
2025-05-22 16:00:00,5612.0,5697.14,29,18.809
2025-05-25 16:00:00,5569.6,5653.21,28,19.28
2025-05-26 16:00:00,5591.0,5666.3,25,19.402
2025-05-27 16:00:00,5588.4,5651.88,24,17.081
2025-05-28 16:00:00,5582.0,5637.06,23,15.501
2025-05-29 16:00:00,5641.0,5704.77,22,18.546
2025-06-02 16:00:00,5616.4,5653.67,18,13.367
2025-06-03 16:00:00,5643.8,5696.57,17,19.889
2025-06-04 16:00:00,5691.2,5741.03,16,19.8
2025-06-05 16:00:00,5725.2,5768.4,15,18.223
2025-06-08 16:00:00,5740.0,5772.78,14,14.804
2025-06-09 16:00:00,5767.8,5809.83,11,24.005
2025-06-10 16:00:00,5734.0,5758.53,10,15.548
2025-06-11 16:00:00,5751.0,5780.97,9,21.025
2025-06-12 16:00:00,5766.6,5783.16,8,13.065
2025-06-15 16:00:00,5722.8,5725.0,7,2.004
2025-06-16 16:00:00,5760.2,5772.3,4,19.128
2025-06-17 16:00:00,5742.2,5740.16,3,-4.324
2025-06-18 16:00:00,5553.2,5733.81,93,12.363
2025-06-19 16:00:00,5510.0,5669.09,92,11.134
2025-06-22 16:00:00,5462.6,5613.28,91,10.767
2025-06-23 16:00:00,5537.6,5683.46,88,10.645
2025-06-24 16:00:00,5640.0,5777.74,87,10.002
2025-06-25 16:00:00,5750.0,5868.29,86,8.555
2025-06-26 16:00:00,5748.0,5850.43,85,7.518
2025-06-29 16:00:00,5770.0,5877.67,84,7.96
2025-06-30 16:00:00,5760.0,5915.8,81,11.868
2025-07-01 16:00:00,5752.2,5922.54,80,13.122
2025-07-02 16:00:00,5769.0,5896.24,79,9.97
2025-07-03 16:00:00,5763.0,5917.75,78,12.237
2025-07-06 16:00:00,5755.0,5901.4,77,11.759
2025-07-07 16:00:00,5750.4,5903.1,74,12.759
2025-07-08 16:00:00,5853.6,5980.65,73,10.622
2025-07-09 16:00:00,5830.4,5950.97,72,10.271
2025-07-10 16:00:00,5854.0,5985.82,71,11.321
2025-07-13 16:00:00,5920.8,6033.18,70,9.713
2025-07-14 16:00:00,5900.4,6018.63,67,10.702
2025-07-15 16:00:00,5899.8,6019.58,66,11.004
2025-07-16 16:00:00,5899.8,6013.71,65,10.637
2025-07-17 16:00:00,5990.4,6092.23,64,9.533
2025-07-20 16:00:00,6036.0,6115.03,63,7.488
2025-07-21 16:00:00,6064.0,6166.62,60,10.123
2025-07-22 16:00:00,6137.6,6218.21,59,8.02
2025-07-23 16:00:00,6117.8,6197.85,58,8.128
2025-07-24 16:00:00,6226.0,6297.63,57,7.283
2025-07-27 16:00:00,6219.8,6305.22,56,8.83
2025-07-28 16:00:00,6211.0,6308.12,53,10.603
2025-07-29 16:00:00,6253.0,6345.37,52,10.218
2025-07-30 16:00:00,6198.0,6297.91,51,11.354
2025-07-31 16:00:00,6127.2,6221.05,50,11.013
2025-08-03 16:00:00,6089.0,6190.34,49,12.194
2025-08-04 16:00:00,6181.0,6277.01,46,12.137
2025-08-05 16:00:00,6196.0,6298.93,45,13.254
2025-08-06 16:00:00,6262.4,6356.33,44,12.259
2025-08-07 16:00:00,6219.2,6324.17,43,14.089
2025-08-10 16:00:00,6250.0,6335.43,42,11.719
2025-08-11 16:00:00,6303.2,6392.4,39,13.06
2025-08-12 16:00:00,6356.8,6422.79,38,9.869
2025-08-13 16:00:00,6466.0,6509.21,37,6.549
2025-08-14 16:00:00,6366.0,6417.39,36,8.119
2025-08-17 16:00:00,6555.6,6612.99,35,9.05
2025-08-18 16:00:00,6608.0,6663.16,32,9.442
2025-08-19 16:00:00,6567.8,6623.61,31,9.921
2025-08-20 16:00:00,6703.0,6739.69,30,6.623
2025-08-21 16:00:00,6666.0,6704.03,29,7.14
2025-08-24 16:00:00,6845.6,6886.27,28,7.699
2025-08-25 16:00:00,6888.0,6928.29,25,8.49
2025-08-26 16:00:00,6930.0,6964.77,24,7.592
2025-08-27 16:00:00,6849.0,6858.5,23,2.198
2025-08-28 16:00:00,6965.8,7030.27,22,15.214
2025-08-31 16:00:00,7034.0,7087.73,21,13.176
2025-09-01 16:00:00,7025.0,7108.94,18,23.943
2025-09-02 16:00:00,6934.4,6988.02,17,16.475
2025-09-03 16:00:00,6816.8,6884.36,16,22.387
2025-09-04 16:00:00,6666.0,6709.15,15,15.65
2025-09-07 16:00:00,6906.8,6927.41,14,7.757
2025-09-08 16:00:00,6899.0,6959.94,11,29.053
2025-09-09 16:00:00,6881.2,6911.11,10,15.797
2025-09-10 16:00:00,6861.0,6924.3,9,37.075
2025-09-11 16:00:00,7112.0,7115.61,8,2.315
2025-09-14 16:00:00,7162.8,7170.41,7,5.534
2025-09-15 16:00:00,7142.2,7152.19,4,12.746
2025-09-16 16:00:00,7152.2,7184.26,3,54.294
2025-09-17 16:00:00,7071.0,7248.28,93,9.599
2025-09-18 16:00:00,6996.0,7200.69,92,11.278
2025-09-21 16:00:00,7009.0,7182.89,91,9.71
2025-09-22 16:00:00,7035.0,7240.85,88,11.792
2025-09-23 16:00:00,6910.0,7140.31,87,13.532
2025-09-24 16:00:00,7143.0,7325.66,86,10.583
2025-09-25 16:00:00,7142.6,7311.84,85,9.939
2025-09-28 16:00:00,7092.0,7251.52,84,9.559
2025-09-29 16:00:00,7250.0,7372.52,81,7.489
2025-10-08 16:00:00,7345.0,7470.05,72,8.486
2025-10-09 16:00:00,7393.4,7499.39,71,7.266
2025-10-12 16:00:00,7099.8,7135.1,70,2.58
2025-10-13 16:00:00,7264.0,7434.11,67,12.466
2025-10-14 16:00:00,7060.6,7205.74,66,11.139
2025-10-15 16:00:00,7122.0,7269.26,65,11.376
2025-10-16 16:00:00,7061.0,7226.42,64,13.055
2025-10-19 16:00:00,6968.0,7092.88,63,10.201
2025-10-20 16:00:00,6948.6,7095.62,60,12.605
2025-10-21 16:00:00,7021.6,7135.21,59,9.85
2025-10-22 16:00:00,6994.0,7108.85,58,10.167
2025-10-23 16:00:00,7080.0,7175.92,57,8.56
2025-10-26 16:00:00,7228.8,7336.2,56,9.542
2025-10-27 16:00:00,7238.8,7344.45,53,9.907
2025-10-28 16:00:00,7260.4,7350.76,52,8.628
2025-10-29 16:00:00,7369.6,7462.43,51,8.903
2025-10-30 16:00:00,7321.8,7385.74,50,6.32
2025-11-02 16:00:00,7243.4,7327.12,49,8.511
2025-11-03 16:00:00,7226.2,7315.19,46,9.653
2025-11-04 16:00:00,7033.6,7098.96,45,7.468
2025-11-05 16:00:00,7130.0,7243.2,44,12.965
2025-11-06 16:00:00,7211.8,7307.3,43,11.094
2025-11-09 16:00:00,7263.0,7357.34,42,11.143
2025-11-10 16:00:00,7280.0,7364.93,39,10.792
2025-11-11 16:00:00,7166.0,7264.79,38,13.062
2025-11-12 16:00:00,7140.4,7243.64,37,14.06
2025-11-13 16:00:00,7218.0,7283.7,36,9.145
2025-11-16 16:00:00,7165.2,7248.92,35,12.044
2025-11-17 16:00:00,7110.0,7215.03,32,16.604
2025-11-18 16:00:00,7084.2,7141.26,31,9.408
2025-11-19 16:00:00,7118.0,7174.1,30,9.514
2025-11-20 16:00:00,6949.0,6955.75,29,1.221
2025-11-23 16:00:00,6803.2,6856.75,28,10.181
2025-11-24 16:00:00,6876.0,6915.12,25,8.259
2025-11-25 16:00:00,6912.8,6946.08,24,7.287
2025-11-26 16:00:00,6916.6,6970.73,23,12.323
2025-11-27 16:00:00,6902.0,6947.24,22,10.804
2025-11-30 16:00:00,6997.8,7053.85,21,13.811
2025-12-01 16:00:00,7024.0,7084.8,18,17.402
2025-12-02 16:00:00,6988.2,7044.86,17,17.268
2025-12-03 16:00:00,6970.2,7001.64,16,10.244
2025-12-04 16:00:00,6978.0,7008.65,15,10.641
2025-12-07 16:00:00,7110.0,7119.05,14,3.314
2025-12-08 16:00:00,7130.0,7150.97,11,9.73
2025-12-09 16:00:00,7084.0,7111.57,10,14.15
2025-12-10 16:00:00,7141.2,7171.21,9,16.972
2025-12-11 16:00:00,7100.6,7088.1,8,-8.046
2025-12-14 16:00:00,7130.2,7121.38,7,-6.458
2025-12-15 16:00:00,7100.0,7101.67,4,2.146
2025-12-16 16:00:00,7013.8,7002.51,3,-19.616
2025-12-17 16:00:00,6954.0,7096.98,93,7.907
2025-12-18 16:00:00,7003.0,7124.4,92,6.76
2025-12-21 16:00:00,7101.2,7205.49,91,5.805
2025-12-22 16:00:00,7129.6,7257.91,88,7.333
2025-12-23 16:00:00,7143.0,7257.61,87,6.625
2025-12-24 16:00:00,7238.2,7341.92,86,5.996
2025-12-25 16:00:00,7335.0,7422.6,85,5.068
2025-12-28 16:00:00,7390.8,7467.5,84,4.463
2025-12-29 16:00:00,7317.2,7390.14,81,4.448
2025-12-30 16:00:00,7394.0,7473.75,80,4.868
2026-01-04 16:00:00,7424.6,7523.88,77,6.255
2026-01-05 16:00:00,7628.0,7663.94,74,2.313
2026-01-06 16:00:00,7805.0,7838.91,73,2.163
2026-01-07 16:00:00,7786.0,7853.21,72,4.339
2026-01-08 16:00:00,7825.0,7907.85,71,5.386
2026-01-11 16:00:00,8101.8,8141.63,70,2.551
2026-01-12 16:00:00,8260.6,8270.42,67,0.647
2026-01-13 16:00:00,8167.8,8165.35,66,-0.166
2026-01-14 16:00:00,8129.8,8170.35,65,2.787
2026-01-15 16:00:00,8273.0,8241.69,64,-2.167
2026-01-18 16:00:00,8189.4,8199.5,63,0.714
2026-01-19 16:00:00,8289.4,8307.64,60,1.336
2026-01-20 16:00:00,8216.8,8196.56,59,-1.528
2026-01-21 16:00:00,8405.0,8355.68,58,-3.715
2026-01-22 16:00:00,8442.2,8422.36,57,-1.508
2026-01-25 16:00:00,8694.8,8624.89,56,-5.283
2026-01-26 16:00:00,8460.8,8464.65,53,0.313
2026-01-27 16:00:00,8572.2,8565.34,52,-0.562
2026-01-28 16:00:00,8613.2,8584.68,51,-2.378
2026-01-29 16:00:00,8470.2,8439.65,50,-2.642
2026-02-01 16:00:00,8268.2,8279.72,49,1.036
2026-02-02 16:00:00,8117.0,8135.87,46,1.84
2026-02-03 16:00:00,8250.2,8270.84,45,2.024
2026-02-04 16:00:00,8221.0,8203.06,44,-1.814
2026-02-05 16:00:00,8000.0,8054.22,43,5.714
2026-02-08 16:00:00,8261.2,8280.11,42,1.985
2026-02-09 16:00:00,8318.0,8318.53,39,0.06
2026-02-10 16:00:00,8290.0,8295.33,38,0.617
2026-02-11 16:00:00,8348.4,8342.36,37,-0.714
2026-02-12 16:00:00,8392.4,8366.33,36,-3.159
2026-02-23 16:00:00,8370.0,8403.31,25,5.787
2026-02-24 16:00:00,8411.0,8412.08,24,0.195
2026-02-25 16:00:00,8558.2,8542.83,23,-2.855
2026-02-26 16:00:00,8492.4,8499.8,22,1.444
2026-03-01 16:00:00,8600.0,8585.85,21,-2.864
2026-03-02 16:00:00,8641.8,8651.06,18,2.171
2026-03-03 16:00:00,8240.0,8167.98,17,-18.931
2026-03-04 16:00:00,8343.2,8383.55,16,10.98
2026-03-05 16:00:00,8241.2,8273.18,15,9.406
2026-03-08 16:00:00,8190.0,8234.19,14,13.992
2026-03-09 16:00:00,8351.4,8341.14,11,-4.082
2026-03-10 16:00:00,8401.2,8419.31,10,7.851
2026-03-11 16:00:00,8350.0,8396.72,9,22.565
2026-03-12 16:00:00,8277.0,8317.78,8,22.369
2026-03-15 16:00:00,8215.8,8227.69,7,7.535
2026-03-16 16:00:00,8202.6,8199.99,4,-2.904
2026-03-17 16:00:00,8050.8,8044.92,3,-8.893
2026-03-18 16:00:00,7765.6,7975.85,96,10.023
2026-03-19 16:00:00,7730.0,7913.49,95,8.909
2026-03-22 16:00:00,7459.6,7623.24,94,8.335
2026-03-23 16:00:00,7316.0,7555.08,91,12.693
2026-03-24 16:00:00,7497.0,7660.4,90,8.651
2026-03-25 16:00:00,7512.6,7757.02,89,12.922
2026-03-26 16:00:00,7356.0,7539.2,88,10.079
2026-03-29 16:00:00,7470.2,7655.15,87,10.136
2026-03-30 16:00:00,7568.2,7740.58,84,9.677
2026-03-31 16:00:00,7585.2,7764.34,83,10.146
2026-04-01 16:00:00,7520.0,7726.45,82,11.894
2026-04-02 16:00:00,7458.6,7636.66,81,10.507
2026-04-06 16:00:00,7383.0,7562.14,77,11.229
